specimen,interface,gene,mean_bulge,mean_dent,lfc,p_geomnull,null_sd
PUPA-72h_cellbin,CNS primordium,CG13071,0.76462764,0.2506731,0.5139545,0.009950248756218905,0.04539482363215752
PUPA-72h_cellbin,CNS primordium,CG42540,0.5115877,0.19674103,0.31484663,0.9601990049751243,0.018934459529152913
PUPA-72h_cellbin,CNS primordium,VGlut,0.5688253,0.27401292,0.29481238,0.01990049751243781,0.03227249246283461
PUPA-72h_cellbin,CNS primordium,CG8369,0.58326495,0.289481,0.29378393,0.39800995024875624,0.0243198575317536
PUPA-72h_cellbin,CNS primordium,RpL15,1.2541888,1.0172566,0.23693216,0.04477611940298507,0.025447342362923314
PUPA-72h_cellbin,CNS primordium,Obp44a,3.6284897,3.408939,0.21955085,0.23383084577114427,0.06939681950774912
PUPA-72h_cellbin,CNS primordium,Vajk4,0.60192156,0.4032631,0.19865847,,
PUPA-72h_cellbin,CNS primordium,CG15209,0.55979717,0.36156785,0.19822931,,
PUPA-72h_cellbin,CNS primordium,CG13231,0.6504098,0.46929643,0.18111339,,
PUPA-72h_cellbin,CNS primordium,RpS25,1.6408839,1.4679832,0.17290068,,
PUPA-72h_cellbin,CNS primordium,His3.3B,0.45165986,0.28261957,0.16904029,,
PUPA-72h_cellbin,CNS primordium,RpS8,0.95078516,0.7834127,0.16737247,,
PUPA-72h_cellbin,CNS primordium,RpS28b,1.0898868,0.92277414,0.16711265,,
PUPA-72h_cellbin,CNS primordium,RpL23,1.1862216,1.020495,0.16572654,,
PUPA-72h_cellbin,CNS primordium,RpS30,1.0827135,0.9198499,0.16286361,,
PUPA-72h_cellbin,CNS primordium,Obp99b,0.51307505,0.35102215,0.1620529,,
PUPA-72h_cellbin,CNS primordium,Cpr30F,0.6960422,0.53793836,0.15810382,,
PUPA-72h_cellbin,CNS primordium,Cpr30B,0.74939495,0.59997904,0.14941591,,
PUPA-72h_cellbin,CNS primordium,RpS9,0.9467648,0.80329317,0.14347166,,
PUPA-72h_cellbin,CNS primordium,Acp65Aa,1.0700314,0.92691904,0.14311236,,
PUPA-72h_cellbin,CNS primordium,RpL5,1.0799234,0.93763256,0.14229083,,
PUPA-72h_cellbin,CNS primordium,RpS3,0.7692935,0.62758374,0.14170974,,
PUPA-72h_cellbin,CNS primordium,OtopLa,0.56376386,0.42311335,0.14065051,,
PUPA-72h_cellbin,CNS primordium,Mtk,0.58238333,0.44194168,0.14044166,,
PUPA-72h_cellbin,CNS primordium,nrv3,0.89143115,0.75993836,0.1314928,,
PUPA-72h_cellbin,CNS primordium,Lsp2,0.5864087,0.45941448,0.1269942,,
PUPA-72h_cellbin,CNS primordium,Oda,0.58068675,0.45617658,0.12451017,,
PUPA-72h_cellbin,CNS primordium,Atpalpha,0.9431067,0.8193323,0.12377441,,
PUPA-72h_cellbin,CNS primordium,RpL28,0.725618,0.60333294,0.12228507,,
PUPA-72h_cellbin,CNS primordium,sif,0.62115425,0.5006561,0.12049812,,
PUPA-72h_cellbin,CNS primordium,eIF4A,0.5085052,0.3881206,0.12038463,,
PUPA-72h_cellbin,CNS primordium,MtnA,0.45457554,0.33919033,0.115385205,,
PUPA-72h_cellbin,CNS primordium,Obp99c,0.40136322,0.28798908,0.113374144,,
PUPA-72h_cellbin,CNS primordium,RpS17,0.79330647,0.6807643,0.11254215,,
PUPA-72h_cellbin,CNS primordium,Ggamma30A,0.7864894,0.67457235,0.11191708,,
PUPA-72h_cellbin,CNS primordium,RpL23A,0.6721742,0.5618833,0.110290945,,
PUPA-72h_cellbin,CNS primordium,RpS14a,0.8768788,0.7666856,0.11019319,,
PUPA-72h_cellbin,CNS primordium,RpL26,0.5704915,0.46197104,0.10852045,,
PUPA-72h_cellbin,CNS primordium,RpS15,1.0179664,0.9099323,0.108034074,,
PUPA-72h_cellbin,CNS primordium,CG13042,1.2176375,1.1100053,0.10763228,,
PUPA-72h_cellbin,CNS primordium,Fbp1,0.2863858,0.17938253,0.10700327,,
PUPA-72h_cellbin,CNS primordium,RpL18,0.57986474,0.47297546,0.10688928,,
PUPA-72h_cellbin,CNS primordium,Nckx30C,0.3557757,0.24995914,0.10581657,,
PUPA-72h_cellbin,CNS primordium,eEF1alpha2,0.63223815,0.5274431,0.10479504,,
PUPA-72h_cellbin,CNS primordium,RpS26,0.7265001,0.6311304,0.0953697,,
PUPA-72h_cellbin,CNS primordium,Rbp6,0.31445107,0.21913134,0.09531973,,
PUPA-72h_cellbin,CNS primordium,RpS5a,0.84206367,0.74753624,0.09452742,,
PUPA-72h_cellbin,CNS primordium,Bacc,0.34704083,0.25262904,0.09441179,,
PUPA-72h_cellbin,CNS primordium,RpL17,0.5122394,0.41790187,0.09433752,,
PUPA-72h_cellbin,CNS primordium,DptA,0.5332605,0.43951732,0.093743205,,
PUPA-72h_cellbin,CNS primordium,RpL22,0.60692245,0.5141954,0.092727065,,
PUPA-72h_cellbin,CNS primordium,RpL27A,0.9135949,0.82111883,0.09247607,,
PUPA-72h_cellbin,CNS primordium,RpL21,0.9576185,0.8652079,0.092410564,,
PUPA-72h_cellbin,CNS primordium,RpL40,1.0380003,0.9466917,0.09130865,,
PUPA-72h_cellbin,CNS primordium,CG3513,0.46663368,0.37561184,0.091021836,,
PUPA-72h_cellbin,CNS primordium,miple1,0.40041846,0.31068587,0.08973259,,
PUPA-72h_cellbin,CNS primordium,Act79B,0.33517617,0.2468792,0.088296965,,
PUPA-72h_cellbin,CNS primordium,nrv2,0.29003462,0.20313421,0.08690041,,
PUPA-72h_cellbin,CNS primordium,MESK2,0.3129278,0.2260381,0.086889714,,
PUPA-72h_cellbin,CNS primordium,CG13364,0.35453358,0.2680302,0.08650339,,
PUPA-72h_cellbin,CNS primordium,RpL11,0.56778514,0.4816194,0.086165756,,
PUPA-72h_cellbin,CNS primordium,RpL37a,1.1291685,1.0433944,0.085774064,,
PUPA-72h_cellbin,CNS primordium,RpLP1,0.9950582,0.90958977,0.08546841,,
PUPA-72h_cellbin,CNS primordium,CG34461,1.1163378,1.032475,0.08386278,,
PUPA-72h_cellbin,CNS primordium,RpL31,0.87752146,0.7939505,0.08357096,,
PUPA-72h_cellbin,CNS primordium,Vajk1,0.2834016,0.20092225,0.08247936,,
PUPA-72h_cellbin,CNS primordium,RpL9,0.86730486,0.78493834,0.082366526,,
PUPA-72h_cellbin,CNS primordium,Appl,0.4377498,0.35541096,0.08233884,,
PUPA-72h_cellbin,CNS primordium,RpL19,0.65932983,0.5791294,0.080200434,,
PUPA-72h_cellbin,CNS primordium,CG30172,0.47157276,0.39419207,0.07738069,,
PUPA-72h_cellbin,CNS primordium,Cpr49Aa,0.3576925,0.28185084,0.075841665,,
PUPA-72h_cellbin,CNS primordium,Ubi-p5E,0.28014413,0.20478313,0.075361,,
PUPA-72h_cellbin,CNS primordium,CG12164,0.29871362,0.22403848,0.07467514,,
PUPA-72h_cellbin,CNS primordium,RpL12,0.87062436,0.7976024,0.07302195,,
PUPA-72h_cellbin,CNS primordium,Uhg7,0.55993795,0.48804185,0.071896106,,
PUPA-72h_cellbin,CNS primordium,RpLP2,1.8100306,1.7404832,0.069547415,,
PUPA-72h_cellbin,CNS primordium,ps,0.44478208,0.3755213,0.069260776,,
PUPA-72h_cellbin,CNS primordium,CG7781,0.33988798,0.27162752,0.06826046,,
PUPA-72h_cellbin,CNS primordium,fax,0.519121,0.45115525,0.067965746,,
PUPA-72h_cellbin,CNS primordium,sta,0.787314,0.71986294,0.06745106,,
PUPA-72h_cellbin,CNS primordium,cac,0.3560521,0.28978658,0.06626552,,
PUPA-72h_cellbin,CNS primordium,RpL32,0.6969392,0.6306874,0.066251755,,
PUPA-72h_cellbin,CNS primordium,RpS19a,0.6863168,0.62102014,0.06529665,,
PUPA-72h_cellbin,CNS primordium,RpS23,0.5749775,0.5101897,0.064787805,,
PUPA-72h_cellbin,CNS primordium,eEF1alpha1,0.765044,0.7007661,0.06427789,,
PUPA-72h_cellbin,CNS primordium,Vha16-1,0.31458968,0.25080764,0.06378204,,
PUPA-72h_cellbin,CNS primordium,RpL18A,0.8321758,0.770663,0.06151277,,
PUPA-72h_cellbin,CNS primordium,RpL37A,0.54081106,0.48051488,0.060296178,,
PUPA-72h_cellbin,CNS primordium,Mlp60A,0.46071607,0.40066507,0.060050994,,
PUPA-72h_cellbin,CNS primordium,CG13376,0.2292384,0.17004773,0.059190676,,
PUPA-72h_cellbin,CNS primordium,CG4962,0.44051272,0.38170198,0.05881074,,
PUPA-72h_cellbin,CNS primordium,arm,0.26257244,0.204215,0.058357432,,
PUPA-72h_cellbin,CNS primordium,Drs,0.3170608,0.25907794,0.057982862,,
PUPA-72h_cellbin,CNS primordium,RpL24,0.7105994,0.65363985,0.05695957,,
PUPA-72h_cellbin,CNS primordium,RpL10,0.8622328,0.80546355,0.05676925,,
PUPA-72h_cellbin,CNS primordium,lncRNA:CR42862,0.37503397,0.31832945,0.05670452,,
PUPA-72h_cellbin,CNS primordium,RpS14b,0.49256054,0.4358582,0.056702346,,
PUPA-72h_cellbin,CNS primordium,mub,0.25783116,0.20167086,0.0561603,,
PUPA-72h_cellbin,CNS primordium,Hsc70-4,0.39886963,0.34278086,0.056088775,,
PUPA-72h_cellbin,CNS primordium,RpL14,0.937817,0.8818903,0.05592668,,
PUPA-72h_cellbin,CNS primordium,igl,0.36171374,0.3058316,0.055882126,,
PUPA-72h_cellbin,CNS primordium,Nacalpha,0.32016757,0.26432583,0.055841744,,
PUPA-72h_cellbin,CNS primordium,RpL36,1.0042719,0.9492555,0.05501634,,
PUPA-72h_cellbin,CNS primordium,RpS6,0.54439217,0.4901168,0.054275364,,
PUPA-72h_cellbin,CNS primordium,Cpr92F,0.49981362,0.44648528,0.053328335,,
PUPA-72h_cellbin,CNS primordium,shakB,0.2639207,0.21073797,0.05318272,,
PUPA-72h_cellbin,CNS primordium,Jupiter,0.29976764,0.24751014,0.052257508,,
PUPA-72h_cellbin,CNS primordium,bic,0.27412614,0.22276317,0.051362976,,
PUPA-72h_cellbin,CNS primordium,RpS18,0.5617212,0.51037395,0.051347256,,
PUPA-72h_cellbin,CNS primordium,RpS3A,0.59563863,0.5451928,0.050445855,,
PUPA-72h_cellbin,CNS primordium,CG6329,0.42616987,0.37732223,0.048847646,,
PUPA-72h_cellbin,CNS primordium,RpS27,0.8066699,0.75846916,0.048200727,,
PUPA-72h_cellbin,CNS primordium,TM4SF,0.2841075,0.23769595,0.04641156,,
PUPA-72h_cellbin,CNS primordium,Vajk2,0.33414048,0.28807217,0.04606831,,
PUPA-72h_cellbin,CNS primordium,RpLP0,0.48393568,0.43841177,0.04552391,,
PUPA-72h_cellbin,CNS primordium,RpL27,0.4616285,0.41796133,0.043667167,,
PUPA-72h_cellbin,CNS primordium,Osi19,0.25350815,0.20994246,0.04356569,,
PUPA-72h_cellbin,CNS primordium,CG9686,0.37683308,0.3339559,0.042877167,,
PUPA-72h_cellbin,CNS primordium,RpL7A,0.3867538,0.34429833,0.042455465,,
PUPA-72h_cellbin,CNS primordium,shep,0.34091336,0.2987163,0.04219705,,
PUPA-72h_cellbin,CNS primordium,RpS24,0.43919045,0.39702368,0.04216677,,
PUPA-72h_cellbin,CNS primordium,RpS4,0.8903153,0.8502056,0.040109694,,
PUPA-72h_cellbin,CNS primordium,Cpr49Ah,0.21354687,0.17365329,0.039893582,,
PUPA-72h_cellbin,CNS primordium,Cpr64Ac,0.35233533,0.31258723,0.039748102,,
PUPA-72h_cellbin,CNS primordium,fabp,0.23482893,0.19560857,0.039220363,,
PUPA-72h_cellbin,CNS primordium,RpL35A,0.35648736,0.31745386,0.039033502,,
PUPA-72h_cellbin,CNS primordium,CG2150,0.42736173,0.38854235,0.038819373,,
PUPA-72h_cellbin,CNS primordium,RpL6,0.5192796,0.4805582,0.038721412,,
PUPA-72h_cellbin,CNS primordium,HmgZ,0.24557807,0.20947725,0.03610082,,
PUPA-72h_cellbin,CNS primordium,Act5C,0.42728186,0.3914415,0.035840362,,
PUPA-72h_cellbin,CNS primordium,ND-PDSW,0.24324632,0.20757481,0.035671502,,
PUPA-72h_cellbin,CNS primordium,bol,0.3658908,0.3305649,0.035325915,,
PUPA-72h_cellbin,CNS primordium,Cp1,0.2559854,0.22072747,0.035257936,,
PUPA-72h_cellbin,CNS primordium,COX8,1.0791183,1.0448662,0.034252048,,
PUPA-72h_cellbin,CNS primordium,RpL35,0.59257936,0.5586,0.033979356,,
PUPA-72h_cellbin,CNS primordium,Atg8a,0.2438129,0.21027867,0.03353423,,
PUPA-72h_cellbin,CNS primordium,roh,0.39777106,0.36506763,0.03270343,,
PUPA-72h_cellbin,CNS primordium,RpS20,0.802439,0.76981676,0.032622218,,
PUPA-72h_cellbin,CNS primordium,RpS29,0.9038309,0.87197846,0.031852424,,
PUPA-72h_cellbin,CNS primordium,RpL3,0.40952742,0.37769702,0.0318304,,
PUPA-72h_cellbin,CNS primordium,RpS15Aa,0.5082794,0.47652957,0.031749815,,
PUPA-72h_cellbin,CNS primordium,RpL4,0.28820705,0.25664383,0.031563222,,
PUPA-72h_cellbin,CNS primordium,hpRNA:CR18854,0.23199405,0.20056365,0.031430393,,
PUPA-72h_cellbin,CNS primordium,cpx,0.47594392,0.44463074,0.03131318,,
PUPA-72h_cellbin,CNS primordium,RpS7,0.7823824,0.75123334,0.03114909,,
PUPA-72h_cellbin,CNS primordium,ATPsynbeta,0.7475426,0.71748006,0.030062556,,
PUPA-72h_cellbin,CNS primordium,CG1368,0.30283833,0.27284694,0.029991388,,
PUPA-72h_cellbin,CNS primordium,CG42323,0.654456,0.6246213,0.029834747,,
PUPA-72h_cellbin,CNS primordium,Scp1,0.28592286,0.2560934,0.029829443,,
PUPA-72h_cellbin,CNS primordium,Fis1,0.26418036,0.23440962,0.029770747,,
PUPA-72h_cellbin,CNS primordium,RpS12,0.924383,0.8950075,0.029375494,,
PUPA-72h_cellbin,CNS primordium,Syt1,0.381856,0.3526071,0.029248893,,
PUPA-72h_cellbin,CNS primordium,RpS10b,0.45367336,0.42448506,0.029188305,,
PUPA-72h_cellbin,CNS primordium,ND-B14,0.24270402,0.21357666,0.02912736,,
PUPA-72h_cellbin,CNS primordium,CG34168,0.33465615,0.3057769,0.028879255,,
PUPA-72h_cellbin,CNS primordium,RpL29,0.9354461,0.9069404,0.028505683,,
PUPA-72h_cellbin,CNS primordium,ND-B16.6,0.22841553,0.20005761,0.028357923,,
PUPA-72h_cellbin,CNS primordium,RpL13A,0.8884697,0.8604376,0.028032124,,
PUPA-72h_cellbin,CNS primordium,eEF5,0.64934087,0.6225757,0.026765168,,
PUPA-72h_cellbin,CNS primordium,RpL8,0.61415774,0.58869964,0.025458097,,
PUPA-72h_cellbin,CNS primordium,Rack1,0.37939408,0.3547683,0.024625778,,
PUPA-72h_cellbin,CNS primordium,TwdlT,0.62027836,0.59619653,0.024081826,,
PUPA-72h_cellbin,CNS primordium,CG30430,0.2701657,0.24627823,0.023887485,,
PUPA-72h_cellbin,CNS primordium,CG17127,0.26827422,0.244641,0.023633212,,
PUPA-72h_cellbin,CNS primordium,RpL36A,0.624778,0.60204244,0.022735536,,
PUPA-72h_cellbin,CNS primordium,RpS27A,0.9054811,0.8829279,0.022553205,,
PUPA-72h_cellbin,CNS primordium,Sod1,0.2455921,0.22305252,0.022539586,,
PUPA-72h_cellbin,CNS primordium,slo,0.35942557,0.3380484,0.021377176,,
PUPA-72h_cellbin,CNS primordium,Rtnl1,0.23183468,0.21070157,0.02113311,,
PUPA-72h_cellbin,CNS primordium,CASK,0.2668294,0.24594711,0.020882294,,
PUPA-72h_cellbin,CNS primordium,ATPsynO,0.457919,0.43721494,0.02070406,,
PUPA-72h_cellbin,CNS primordium,Ggamma1,0.34920737,0.32899427,0.020213097,,
PUPA-72h_cellbin,CNS primordium,PMCA,0.22495015,0.20502374,0.019926414,,
PUPA-72h_cellbin,CNS primordium,VhaM9.7-a,0.29947197,0.28025502,0.019216955,,
PUPA-72h_cellbin,CNS primordium,RpL13,0.4326583,0.41408375,0.018574566,,
PUPA-72h_cellbin,CNS primordium,up,0.2773306,0.26020917,0.017121434,,
PUPA-72h_cellbin,CNS primordium,CG2852,0.52600527,0.5099302,0.016075075,,
PUPA-72h_cellbin,CNS primordium,ND-AGGG,0.3045227,0.28904092,0.01548177,,
PUPA-72h_cellbin,CNS primordium,Sap47,0.35712895,0.34208065,0.015048295,,
PUPA-72h_cellbin,CNS primordium,RpL7,0.61433756,0.599431,0.014906585,,
PUPA-72h_cellbin,CNS primordium,CG6770,0.39357418,0.37949538,0.014078796,,
PUPA-72h_cellbin,CNS primordium,Vha13,0.39386427,0.38013947,0.013724804,,
PUPA-72h_cellbin,CNS primordium,Msr-110,0.2530586,0.23944761,0.013611004,,
PUPA-72h_cellbin,CNS primordium,para,0.44757664,0.43400162,0.013575017,,
PUPA-72h_cellbin,CNS primordium,sesB,0.5861815,0.57263964,0.013541877,,
PUPA-72h_cellbin,CNS primordium,Mst84Db,0.21975602,0.20654689,0.013209134,,
PUPA-72h_cellbin,CNS primordium,Cpr97Eb,0.20010132,0.1869441,0.013157219,,
PUPA-72h_cellbin,CNS primordium,Mst87F,0.21783802,0.20515515,0.01268287,,
PUPA-72h_cellbin,CNS primordium,Cpr76Bd,0.23875248,0.22612318,0.0126293,,
PUPA-72h_cellbin,CNS primordium,ND-B22,0.28321156,0.27141085,0.011800706,,
PUPA-72h_cellbin,CNS primordium,IA-2,0.39482406,0.38341522,0.011408836,,
PUPA-72h_cellbin,CNS primordium,14-3-3epsilon,0.4209439,0.4099726,0.010971278,,
PUPA-72h_cellbin,CNS primordium,Gasp,0.21869534,0.20820637,0.010488972,,
PUPA-72h_cellbin,CNS primordium,RpL34b,0.38400418,0.37379622,0.010207951,,
PUPA-72h_cellbin,CNS primordium,Gs2,0.22889839,0.21973793,0.009160459,,
PUPA-72h_cellbin,CNS primordium,eEF2,0.28819925,0.27928442,0.008914828,,
PUPA-72h_cellbin,CNS primordium,Sdc,0.25044912,0.24170211,0.008747011,,
PUPA-72h_cellbin,CNS primordium,CG17376,0.21111415,0.20241892,0.00869523,,
PUPA-72h_cellbin,CNS primordium,ND-MLRQ,1.1814845,1.1743469,0.007137537,,
PUPA-72h_cellbin,CNS primordium,ND-B17.2,0.23605607,0.22942221,0.006633863,,
PUPA-72h_cellbin,CNS primordium,RpS11,0.93014264,0.9236114,0.0065312386,,
PUPA-72h_cellbin,CNS primordium,Cpr62Bc,0.5150166,0.5089318,0.0060847998,,
PUPA-72h_cellbin,CNS primordium,Tctp,0.41351664,0.40756196,0.005954683,,
PUPA-72h_cellbin,CNS primordium,RpS16,0.36384645,0.35813254,0.00571391,,
PUPA-72h_cellbin,CNS primordium,ND-15,0.2088838,0.20490405,0.0039797574,,
PUPA-72h_cellbin,CNS primordium,Vajk3,0.27770287,0.2753601,0.0023427606,,
PUPA-72h_cellbin,CNS primordium,ATPsynD,0.2824483,0.28031364,0.002134651,,
PUPA-72h_cellbin,CNS primordium,CG3662,0.25356132,0.251855,0.001706332,,
PUPA-72h_cellbin,CNS primordium,CG45089,0.27013934,0.2696827,0.00045663118,,
PUPA-72h_cellbin,CNS primordium,Tm1,0.29372865,0.29332292,0.00040572882,,
PUPA-72h_cellbin,CNS primordium,CG44242,0.2876942,0.28797424,-0.00028005242,,
PUPA-72h_cellbin,CNS primordium,ox,0.8042741,0.80457073,-0.00029665232,,
PUPA-72h_cellbin,CNS primordium,CG9034,0.26546392,0.26586148,-0.00039756298,,
PUPA-72h_cellbin,CNS primordium,CG41128,0.41211197,0.4135571,-0.0014451444,,
PUPA-72h_cellbin,CNS primordium,ATPsynB,0.4512681,0.4530275,-0.0017593801,,
PUPA-72h_cellbin,CNS primordium,COX5A,0.5778156,0.580474,-0.0026584268,,
PUPA-72h_cellbin,CNS primordium,CG7630,0.8122653,0.81520724,-0.002941966,,
PUPA-72h_cellbin,CNS primordium,CG34200,0.26222107,0.26551843,-0.0032973588,,
PUPA-72h_cellbin,CNS primordium,RpS2,0.7510155,0.7548132,-0.00379771,,
PUPA-72h_cellbin,CNS primordium,awd,0.22592886,0.23034485,-0.004415989,,
PUPA-72h_cellbin,CNS primordium,Tom7,0.249747,0.25421935,-0.00447236,,
PUPA-72h_cellbin,CNS primordium,Cpr47Ea,0.2656608,0.27019086,-0.004530072,,
PUPA-72h_cellbin,CNS primordium,blw,0.38033906,0.3852962,-0.0049571395,,
PUPA-72h_cellbin,CNS primordium,eEF1gamma,0.2193221,0.22431058,-0.0049884766,,
PUPA-72h_cellbin,CNS primordium,Gbeta13F,0.31172633,0.3179492,-0.006222874,,
PUPA-72h_cellbin,CNS primordium,nSyb,0.31631652,0.3225702,-0.0062536895,,
PUPA-72h_cellbin,CNS primordium,beta-Spec,0.21102579,0.21838462,-0.007358834,,
PUPA-72h_cellbin,CNS primordium,Mlc2,1.1612649,1.16924,-0.0079751015,,
PUPA-72h_cellbin,CNS primordium,Hsp23,0.29575986,0.30412328,-0.008363426,,
PUPA-72h_cellbin,CNS primordium,CG11267,0.21276888,0.22139043,-0.008621544,,
PUPA-72h_cellbin,CNS primordium,wupA,0.23463494,0.24435182,-0.009716883,,
PUPA-72h_cellbin,CNS primordium,fne,0.33080116,0.34061244,-0.009811282,,
PUPA-72h_cellbin,CNS primordium,COX6B,0.4204283,0.4304113,-0.009983003,,
PUPA-72h_cellbin,CNS primordium,Act57B,0.18658614,0.19658227,-0.009996131,,
PUPA-72h_cellbin,CNS primordium,RpL10Ab,0.7014375,0.7125104,-0.011072934,,
PUPA-72h_cellbin,CNS primordium,RpS13,0.6248697,0.63672274,-0.011853039,,
PUPA-72h_cellbin,CNS primordium,CG31808,0.22939885,0.24177073,-0.012371883,,
PUPA-72h_cellbin,CNS primordium,UQCR-C2,0.28772315,0.30066076,-0.012937605,,
PUPA-72h_cellbin,CNS primordium,Cam,1.0006129,1.0139822,-0.013369322,,
PUPA-72h_cellbin,CNS primordium,Hsp83,0.24764308,0.2611846,-0.01354152,,
PUPA-72h_cellbin,CNS primordium,pAbp,0.5067279,0.5206162,-0.013888299,,
PUPA-72h_cellbin,CNS primordium,mt:srRNA,0.20592037,0.21996625,-0.014045879,,
PUPA-72h_cellbin,CNS primordium,RpS21,0.81407785,0.8296049,-0.01552707,,
PUPA-72h_cellbin,CNS primordium,ATPsynE,0.44295436,0.4594054,-0.016451031,,
PUPA-72h_cellbin,CNS primordium,COX4,0.45019108,0.46696576,-0.016774684,,
PUPA-72h_cellbin,CNS primordium,ND-ACP,0.2277579,0.2469365,-0.0191786,,
PUPA-72h_cellbin,CNS primordium,SdhC,0.22941425,0.2486384,-0.019224152,,
PUPA-72h_cellbin,CNS primordium,RpL38,1.2612352,1.2805425,-0.019307256,,
PUPA-72h_cellbin,CNS primordium,UQCR-11,0.691428,0.7109874,-0.019559383,,
PUPA-72h_cellbin,CNS primordium,ND-B15,0.2599704,0.28107762,-0.021107227,,
PUPA-72h_cellbin,CNS primordium,Mlc1,0.49761716,0.5188109,-0.021193773,,
PUPA-72h_cellbin,CNS primordium,COX7A,0.45941597,0.4806478,-0.02123183,,
PUPA-72h_cellbin,CNS primordium,Act87E,0.20663369,0.22905505,-0.02242136,,
PUPA-72h_cellbin,CNS primordium,Sh,0.22184251,0.24453202,-0.022689506,,
PUPA-72h_cellbin,CNS primordium,Gapdh1,0.2507969,0.27416354,-0.02336663,,
PUPA-72h_cellbin,CNS primordium,RNASEK,0.7148636,0.7387791,-0.02391553,,
PUPA-72h_cellbin,CNS primordium,Tsp42Ej,0.29121026,0.31655404,-0.025343776,,
PUPA-72h_cellbin,CNS primordium,RFeSP,0.19638772,0.22187994,-0.025492221,,
PUPA-72h_cellbin,CNS primordium,Cyp1,0.76507276,0.7909673,-0.025894523,,
PUPA-72h_cellbin,CNS primordium,Mdh2,0.31411293,0.3405459,-0.026432961,,
PUPA-72h_cellbin,CNS primordium,CG13551,0.22959574,0.2569371,-0.02734135,,
PUPA-72h_cellbin,CNS primordium,RpL30,0.5263767,0.5540169,-0.027640164,,
PUPA-72h_cellbin,CNS primordium,ATPsyngamma,0.30560043,0.3333839,-0.027783453,,
PUPA-72h_cellbin,CNS primordium,Argk,0.44510445,0.47422495,-0.029120505,,
PUPA-72h_cellbin,CNS primordium,ND-B12,0.27719828,0.30666408,-0.029465795,,
PUPA-72h_cellbin,CNS primordium,ND-B14.5B,0.24234559,0.27299717,-0.030651584,,
PUPA-72h_cellbin,CNS primordium,CG31997,0.22041157,0.25218734,-0.031775773,,
PUPA-72h_cellbin,CNS primordium,UQCR-14,0.3020586,0.33440763,-0.03234902,,
PUPA-72h_cellbin,CNS primordium,ND-MWFE,0.52158207,0.55445534,-0.032873273,,
PUPA-72h_cellbin,CNS primordium,Cpr49Ae,0.4633063,0.49641702,-0.033110708,,
PUPA-72h_cellbin,CNS primordium,Rdl,0.35564217,0.38922095,-0.033578783,,
PUPA-72h_cellbin,CNS primordium,ATPsynC,1.0634642,1.0984704,-0.035006285,,
PUPA-72h_cellbin,CNS primordium,Eno,0.22230943,0.26073962,-0.0384302,,
PUPA-72h_cellbin,CNS primordium,porin,0.55562025,0.5942096,-0.03858936,,
PUPA-72h_cellbin,CNS primordium,ATPsynF,0.67482114,0.71379185,-0.03897071,,
PUPA-72h_cellbin,CNS primordium,lncRNA:Hsromega,0.20372672,0.24365267,-0.039925948,,
PUPA-72h_cellbin,CNS primordium,Act88F,0.48151973,0.5216656,-0.040145844,,
PUPA-72h_cellbin,CNS primordium,ctp,0.19332977,0.23370436,-0.040374592,,
PUPA-72h_cellbin,CNS primordium,Ald1,0.33388343,0.37718123,-0.043297797,,
PUPA-72h_cellbin,CNS primordium,CG8736,0.3339584,0.37738174,-0.043423355,,
PUPA-72h_cellbin,CNS primordium,Cyt-c-p,0.42568368,0.4691967,-0.04351303,,
PUPA-72h_cellbin,CNS primordium,Gat,0.36953866,0.41309595,-0.043557286,,
PUPA-72h_cellbin,CNS primordium,CG42613,0.22701553,0.27166018,-0.044644654,,
PUPA-72h_cellbin,CNS primordium,ATPsynG,0.88573205,0.9304031,-0.04467106,,
PUPA-72h_cellbin,CNS primordium,CG11159,0.40707132,0.4565023,-0.049430966,,
PUPA-72h_cellbin,CNS primordium,Mhc,0.37894002,0.4309801,-0.05204007,,
PUPA-72h_cellbin,CNS primordium,ATPsynCF6,0.3641513,0.41824383,-0.054092526,,
PUPA-72h_cellbin,CNS primordium,mt:ATPase8,0.6298886,0.6871816,-0.057292998,,
PUPA-72h_cellbin,CNS primordium,28SrRNA-Psi:CR40741,0.23036887,0.28891534,-0.05854647,,
PUPA-72h_cellbin,CNS primordium,Cpr64Aa,0.3911298,0.44972846,-0.058598667,,
PUPA-72h_cellbin,CNS primordium,UQCR-Q,0.7876324,0.84804887,-0.06041646,,
PUPA-72h_cellbin,CNS primordium,sun,0.5146238,0.5808638,-0.06623995,,
PUPA-72h_cellbin,CNS primordium,RpL39,2.2374015,2.3121073,-0.07470584,,
PUPA-72h_cellbin,CNS primordium,Neb-cGP,0.73089063,0.8073348,-0.07644415,,
PUPA-72h_cellbin,CNS primordium,mt:ND2,0.18242373,0.2599243,-0.07750057,,
PUPA-72h_cellbin,CNS primordium,CG34172,0.45365557,0.53200436,-0.078348786,,
PUPA-72h_cellbin,CNS primordium,mt:CoII,3.4068518,3.4898198,-0.082968,,
PUPA-72h_cellbin,CNS primordium,Gapdh2,0.377481,0.46268898,-0.08520797,,
PUPA-72h_cellbin,CNS primordium,levy,0.75919276,0.84451437,-0.085321605,,
PUPA-72h_cellbin,CNS primordium,RpL41,1.6460824,1.7317929,-0.085710526,,
PUPA-72h_cellbin,CNS primordium,mt:ATPase6,4.150888,4.236738,-0.08585024,,
PUPA-72h_cellbin,CNS primordium,COX5B,0.6042765,0.6985009,-0.09422439,,
PUPA-72h_cellbin,CNS primordium,28SrRNA-Psi:CR45851,0.29634568,0.3940323,-0.09768662,,
PUPA-72h_cellbin,CNS primordium,mt:ND3,0.45829144,0.55754626,-0.09925482,,
PUPA-72h_cellbin,CNS primordium,COX7C,0.8894623,0.99717665,-0.107714355,,
PUPA-72h_cellbin,CNS primordium,mt:CoI,3.7359633,3.8472078,-0.11124444,,
PUPA-72h_cellbin,CNS primordium,UQCR-6.4,0.6444746,0.7561777,-0.1117031,,
PUPA-72h_cellbin,CNS primordium,His4r,1.1895819,1.3057417,-0.1161598,,
PUPA-72h_cellbin,CNS primordium,betaTub56D,0.34013945,0.45631662,-0.11617717,,
PUPA-72h_cellbin,CNS primordium,cype,0.82387847,0.9446757,-0.12079722,,
PUPA-72h_cellbin,CNS primordium,28SrRNA-Psi:CR45862,0.7002289,0.8459681,-0.1457392,,
PUPA-72h_cellbin,CNS primordium,mt:Cyt-b,2.6425362,2.7913947,-0.14885855,,
PUPA-72h_cellbin,CNS primordium,alphaTub84B,0.9213839,1.071688,-0.15030414,,
PUPA-72h_cellbin,CNS primordium,14-3-3zeta,0.44860816,0.62397754,-0.17536938,,
PUPA-72h_cellbin,CNS primordium,mt:ND1,1.069492,1.2487358,-0.1792438,,
PUPA-72h_cellbin,CNS primordium,Hsp67Bc,0.36390153,0.54540616,-0.18150464,,
PUPA-72h_cellbin,CNS primordium,CG13065,0.5500387,0.7398404,-0.1898017,,
PUPA-72h_cellbin,CNS primordium,pre-rRNA:CR45847,1.3464649,1.5368719,-0.19040704,,
PUPA-72h_cellbin,CNS primordium,Obp99a,0.27918217,0.47378626,-0.1946041,,
PUPA-72h_cellbin,CNS primordium,pros,0.20143035,0.4019584,-0.20052806,,
PUPA-72h_cellbin,CNS primordium,CG14989,0.40474248,0.6235716,-0.2188291,,
PUPA-72h_cellbin,CNS primordium,28SrRNA-Psi:CR45859,0.8333079,1.0523373,-0.21902937,,
PUPA-72h_cellbin,CNS primordium,mt:ND4,1.273914,1.4951012,-0.22118723,,
PUPA-72h_cellbin,CNS primordium,mt:CoIII,2.9458992,3.1704047,-0.22450542,,
PUPA-72h_cellbin,CNS primordium,28SrRNA-Psi:CR40596,0.84979653,1.074376,-0.22457945,,
PUPA-72h_cellbin,CNS primordium,mt:ND5,0.54965514,0.77677596,-0.22712082,,
PUPA-72h_cellbin,CNS primordium,mt:lrRNA,3.7397692,3.9741583,-0.23438907,,
PUPA-72h_cellbin,CNS primordium,mt:ND6,0.53879523,0.7839283,-0.24513304,,
PUPA-72h_cellbin,CNS primordium,lncRNA:CR40469,3.1407833,3.423958,-0.28317475,0.7810945273631841,0.06349964006844683
PUPA-72h_cellbin,CNS primordium,CG7214,2.1214836,2.428594,-0.30711055,0.7064676616915423,0.04538976114110258
PUPA-72h_cellbin,CNS primordium,18SrRNA-Psi:CR41602,1.1449542,1.4733676,-0.32841337,0.900497512437811,0.03469738024255247
PUPA-72h_cellbin,CNS primordium,lncRNA:CR34335,2.9664636,3.307499,-0.34103537,0.7512437810945274,0.06573908029665479
PUPA-72h_cellbin,CNS primordium,pre-rRNA:CR45856,2.4172945,2.9751377,-0.5578432,0.6517412935323383,0.05641618165950787
PUPA-72h_cellbin,CNS primordium,lncRNA:noe,2.373536,3.0749762,-0.7014401,0.15920398009950248,0.06318551675590879
PUPA-72h_cellbin,midgut primordium,CG9568,1.1975591,0.678387,0.51917213,0.01990049751243781,0.21239378384957708
PUPA-72h_cellbin,midgut primordium,eEF1alpha1,1.7620184,1.3451471,0.4168713,0.004975124378109453,0.05712708191925347
PUPA-72h_cellbin,midgut primordium,lncRNA:CR40469,2.6358137,2.275868,0.35994577,0.0945273631840796,0.1185677422421441
PUPA-72h_cellbin,midgut primordium,RpLP2,2.1893866,1.8300239,0.35936272,0.014925373134328358,0.1023862598118775
PUPA-72h_cellbin,midgut primordium,RpL36,1.2202984,0.88310045,0.33719796,0.009950248756218905,0.06759627804030488
PUPA-72h_cellbin,midgut primordium,lncRNA:CR34335,2.2862153,1.9497077,0.33650756,0.0845771144278607,0.12268895244947012
PUPA-72h_cellbin,midgut primordium,pre-rRNA:CR45856,1.8545336,1.5404509,0.31408262,,
PUPA-72h_cellbin,midgut primordium,RpS25,1.589402,1.2816576,0.30774438,,
PUPA-72h_cellbin,midgut primordium,RpL39,2.233993,1.9414062,0.2925868,,
PUPA-72h_cellbin,midgut primordium,RpL12,1.0718842,0.804822,0.26706213,,
PUPA-72h_cellbin,midgut primordium,pre-rRNA:CR45847,1.0866127,0.82876337,0.25784934,,
PUPA-72h_cellbin,midgut primordium,DptA,2.8307793,2.5786486,0.25213075,,
PUPA-72h_cellbin,midgut primordium,Act5C,0.934145,0.6872507,0.2468943,,
PUPA-72h_cellbin,midgut primordium,RpS12,0.96761644,0.7261582,0.24145824,,
PUPA-72h_cellbin,midgut primordium,CG31343,0.35243517,0.11183379,0.24060139,,
PUPA-72h_cellbin,midgut primordium,RpLP1,1.3494259,1.1101935,0.23923242,,
PUPA-72h_cellbin,midgut primordium,RpS19a,0.95745254,0.7185435,0.238909,,
PUPA-72h_cellbin,midgut primordium,RpL18A,0.9585643,0.72704303,0.23152125,,
PUPA-72h_cellbin,midgut primordium,RpL27A,1.104897,0.8740519,0.2308451,,
PUPA-72h_cellbin,midgut primordium,MtnA,0.8927393,0.6638386,0.22890067,,
PUPA-72h_cellbin,midgut primordium,RpS28b,1.0603229,0.8315527,0.2287702,,
PUPA-72h_cellbin,midgut primordium,RpS9,0.93254036,0.7128868,0.21965355,,
PUPA-72h_cellbin,midgut primordium,Thor,0.50819564,0.29262242,0.21557322,,
PUPA-72h_cellbin,midgut primordium,RpL36A,0.8236042,0.60817677,0.21542746,,
PUPA-72h_cellbin,midgut primordium,RpL23,1.2500976,1.0349984,0.21509922,,
PUPA-72h_cellbin,midgut primordium,TwdlT,1.1774781,0.96341765,0.21406043,,
PUPA-72h_cellbin,midgut primordium,RpL9,1.0238311,0.8121635,0.21166766,,
PUPA-72h_cellbin,midgut primordium,CG44008,0.5154805,0.3057617,0.20971882,,
PUPA-72h_cellbin,midgut primordium,RpL8,0.6789191,0.47289392,0.20602515,,
PUPA-72h_cellbin,midgut primordium,RpS26,1.0025973,0.79678816,0.20580918,,
PUPA-72h_cellbin,midgut primordium,18SrRNA-Psi:CR41602,0.92384666,0.7198534,0.20399326,,
PUPA-72h_cellbin,midgut primordium,RpS5a,0.8079311,0.6069989,0.2009322,,
PUPA-72h_cellbin,midgut primordium,RpL31,1.0056342,0.8099613,0.19567287,,
PUPA-72h_cellbin,midgut primordium,RpL37a,1.0246869,0.8305511,0.19413584,,
PUPA-72h_cellbin,midgut primordium,RpL38,1.155608,0.961635,0.19397306,,
PUPA-72h_cellbin,midgut primordium,RpS20,0.8216504,0.62816316,0.19348723,,
PUPA-72h_cellbin,midgut primordium,CG5011,0.34248444,0.15089001,0.19159444,,
PUPA-72h_cellbin,midgut primordium,RpL10,0.94141275,0.7502796,0.19113314,,
PUPA-72h_cellbin,midgut primordium,RpS2,0.74630153,0.5551749,0.19112664,,
PUPA-72h_cellbin,midgut primordium,RpS27,0.99499375,0.804713,0.19028074,,
PUPA-72h_cellbin,midgut primordium,Fer1HCH,0.6606477,0.47077218,0.18987551,,
PUPA-72h_cellbin,midgut primordium,Oda,0.77925277,0.59078974,0.18846303,,
PUPA-72h_cellbin,midgut primordium,Galt,0.36614212,0.17882316,0.18731897,,
PUPA-72h_cellbin,midgut primordium,sta,1.0019214,0.81507814,0.18684328,,
PUPA-72h_cellbin,midgut primordium,RpL17,0.7387879,0.5521938,0.18659407,,
PUPA-72h_cellbin,midgut primordium,Obp99c,1.0218172,0.8372699,0.1845473,,
PUPA-72h_cellbin,midgut primordium,mt:CoII,3.5945113,3.4108236,0.18368769,,
PUPA-72h_cellbin,midgut primordium,RpL41,2.1902204,2.0068357,0.18338466,,
PUPA-72h_cellbin,midgut primordium,Ssk,0.32121792,0.14259186,0.17862606,,
PUPA-72h_cellbin,midgut primordium,28SrRNA-Psi:CR40596,0.89805573,0.7197175,0.17833823,,
PUPA-72h_cellbin,midgut primordium,RpS17,0.9559547,0.77905095,0.17690372,,
PUPA-72h_cellbin,midgut primordium,Dip-B,0.43888482,0.26373747,0.17514735,,
PUPA-72h_cellbin,midgut primordium,mt:CoI,3.924643,3.750788,0.17385507,,
PUPA-72h_cellbin,midgut primordium,RpL19,0.9098284,0.73718923,0.17263919,,
PUPA-72h_cellbin,midgut primordium,MtnC,0.5119284,0.34012014,0.17180824,,
PUPA-72h_cellbin,midgut primordium,RpL21,0.8749184,0.7043361,0.1705823,,
PUPA-72h_cellbin,midgut primordium,RpL13A,0.84215903,0.6731355,0.16902351,,
PUPA-72h_cellbin,midgut primordium,RpS23,0.8137157,0.6455263,0.1681894,,
PUPA-72h_cellbin,midgut primordium,slbo,0.31320822,0.14505444,0.16815378,,
PUPA-72h_cellbin,midgut primordium,RpS3,0.6672181,0.49980175,0.16741633,,
PUPA-72h_cellbin,midgut primordium,RpL10Ab,0.71825397,0.55323994,0.16501403,,
PUPA-72h_cellbin,midgut primordium,lncRNA:CR42862,0.48618948,0.32237586,0.16381362,,
PUPA-72h_cellbin,midgut primordium,CG15021,0.42391673,0.26175854,0.16215819,,
PUPA-72h_cellbin,midgut primordium,RpL24,0.6881589,0.529374,0.15878493,,
PUPA-72h_cellbin,midgut primordium,RpS21,1.0080968,0.8505736,0.15752321,,
PUPA-72h_cellbin,midgut primordium,RpS30,1.0756704,0.9189078,0.15676254,,
PUPA-72h_cellbin,midgut primordium,Fpgs,0.3139685,0.15793131,0.1560372,,
PUPA-72h_cellbin,midgut primordium,RpS11,1.090192,0.9360151,0.15417683,,
PUPA-72h_cellbin,midgut primordium,RpL22,0.72013515,0.56706166,0.15307349,,
PUPA-72h_cellbin,midgut primordium,RpS3A,0.6949634,0.54279774,0.15216565,,
PUPA-72h_cellbin,midgut primordium,RpS18,0.7830671,0.63112676,0.15194035,,
PUPA-72h_cellbin,midgut primordium,Fer2LCH,0.5511931,0.39994848,0.15124464,,
PUPA-72h_cellbin,midgut primordium,Hsc70-4,0.57345444,0.4263839,0.14707053,,
PUPA-72h_cellbin,midgut primordium,Mur29B,1.0744145,0.9303474,0.14406711,,
PUPA-72h_cellbin,midgut primordium,RpL6,0.56560045,0.42271516,0.1428853,,
PUPA-72h_cellbin,midgut primordium,RpL34b,0.5212583,0.37955987,0.14169842,,
PUPA-72h_cellbin,midgut primordium,CG10472,0.38043877,0.23905833,0.14138044,,
PUPA-72h_cellbin,midgut primordium,CG13315,0.36279827,0.22282338,0.13997489,,
PUPA-72h_cellbin,midgut primordium,RpS13,0.65659356,0.5196789,0.13691467,,
PUPA-72h_cellbin,midgut primordium,RpS15,1.1000382,0.96645355,0.13358462,,
PUPA-72h_cellbin,midgut primordium,MtnB,1.4892782,1.3570657,0.13221252,,
PUPA-72h_cellbin,midgut primordium,RpL37A,0.66795707,0.5367817,0.13117534,,
PUPA-72h_cellbin,midgut primordium,RpLP0,0.6291403,0.4983537,0.13078663,,
PUPA-72h_cellbin,midgut primordium,RpL7,0.7307041,0.6003372,0.13036692,,
PUPA-72h_cellbin,midgut primordium,RpL32,0.859587,0.7298076,0.1297794,,
PUPA-72h_cellbin,midgut primordium,lncRNA:CR32194,0.3125074,0.18415338,0.12835401,,
PUPA-72h_cellbin,midgut primordium,GstS1,0.38827154,0.2612629,0.12700865,,
PUPA-72h_cellbin,midgut primordium,aqz,0.31165138,0.1847932,0.12685817,,
PUPA-72h_cellbin,midgut primordium,ATPsynC,1.0697517,0.9430387,0.12671304,,
PUPA-72h_cellbin,midgut primordium,betaTub56D,0.43049702,0.30509308,0.12540394,,
PUPA-72h_cellbin,midgut primordium,RpL26,0.70696986,0.5820954,0.12487447,,
PUPA-72h_cellbin,midgut primordium,CG15422,0.34135953,0.216732,0.12462753,,
PUPA-72h_cellbin,midgut primordium,RpL5,1.0286553,0.9052635,0.12339181,,
PUPA-72h_cellbin,midgut primordium,alphaTub84B,1.0954283,0.9730246,0.12240374,,
PUPA-72h_cellbin,midgut primordium,RpL18,0.72119087,0.5989485,0.12224239,,
PUPA-72h_cellbin,midgut primordium,CG6770,0.7495894,0.6274753,0.12211406,,
PUPA-72h_cellbin,midgut primordium,28SrRNA-Psi:CR45859,0.814691,0.693837,0.12085402,,
PUPA-72h_cellbin,midgut primordium,RpL29,1.0442021,0.92343736,0.12076473,,
PUPA-72h_cellbin,midgut primordium,RpL40,0.9405476,0.8207885,0.11975908,,
PUPA-72h_cellbin,midgut primordium,Cyp1,0.54872996,0.42938098,0.11934897,,
PUPA-72h_cellbin,midgut primordium,Mtk,0.76264364,0.64358795,0.11905569,,
PUPA-72h_cellbin,midgut primordium,Atg8a,0.37433043,0.25656015,0.117770284,,
PUPA-72h_cellbin,midgut primordium,Gp150,0.31349927,0.19631346,0.117185816,,
PUPA-72h_cellbin,midgut primordium,RpS24,0.5688472,0.453028,0.115819186,,
PUPA-72h_cellbin,midgut primordium,porin,0.57488453,0.46026573,0.11461881,,
PUPA-72h_cellbin,midgut primordium,Mlp60A,0.94296193,0.8311378,0.111824155,,
PUPA-72h_cellbin,midgut primordium,RpL35,0.71352845,0.6017336,0.11179483,,
PUPA-72h_cellbin,midgut primordium,RpS4,0.8303272,0.7194506,0.11087662,,
PUPA-72h_cellbin,midgut primordium,RpS7,0.7420877,0.6319812,0.11010653,,
PUPA-72h_cellbin,midgut primordium,eEF2,0.4128248,0.30416366,0.108661145,,
PUPA-72h_cellbin,midgut primordium,CG13551,0.3621641,0.25498512,0.107178986,,
PUPA-72h_cellbin,midgut primordium,RpS8,0.9256441,0.8220349,0.103609204,,
PUPA-72h_cellbin,midgut primordium,RpS16,0.57541716,0.471926,0.10349116,,
PUPA-72h_cellbin,midgut primordium,CG3662,0.39307168,0.28961325,0.103458434,,
PUPA-72h_cellbin,midgut primordium,RpL14,0.94340485,0.8402404,0.103164434,,
PUPA-72h_cellbin,midgut primordium,awd,0.35749602,0.25513652,0.1023595,,
PUPA-72h_cellbin,midgut primordium,ND-MWFE,0.45771226,0.35588008,0.10183218,,
PUPA-72h_cellbin,midgut primordium,RpS10b,0.5879938,0.48622066,0.10177314,,
PUPA-72h_cellbin,midgut primordium,ATPsynF,0.64125687,0.5401198,0.10113704,,
PUPA-72h_cellbin,midgut primordium,RpL28,0.7312119,0.63093233,0.10027957,,
PUPA-72h_cellbin,midgut primordium,28SrRNA-Psi:CR45862,0.68973666,0.5903888,0.09934789,,
PUPA-72h_cellbin,midgut primordium,Trx-2,0.2582304,0.15913938,0.09909101,,
PUPA-72h_cellbin,midgut primordium,RpL30,0.64278924,0.54544514,0.0973441,,
PUPA-72h_cellbin,midgut primordium,RpS29,0.9061706,0.8098024,0.09636819,,
PUPA-72h_cellbin,midgut primordium,RpS27A,0.9002712,0.8040076,0.09626359,,
PUPA-72h_cellbin,midgut primordium,RpL4,0.36587706,0.26994807,0.095929,,
PUPA-72h_cellbin,midgut primordium,RpL15,1.0122613,0.9164967,0.09576458,,
PUPA-72h_cellbin,midgut primordium,CG13376,0.36723745,0.27275938,0.09447807,,
PUPA-72h_cellbin,midgut primordium,eEF1gamma,0.39274326,0.29829353,0.09444973,,
PUPA-72h_cellbin,midgut primordium,RpL23A,0.62152547,0.527154,0.09437144,,
PUPA-72h_cellbin,midgut primordium,cype,0.6793095,0.5878452,0.09146428,,
PUPA-72h_cellbin,midgut primordium,pAbp,0.56245595,0.4712648,0.09119114,,
PUPA-72h_cellbin,midgut primordium,COX8,0.8784673,0.78738165,0.09108567,,
PUPA-72h_cellbin,midgut primordium,COX7C,0.75806785,0.6673871,0.09068072,,
PUPA-72h_cellbin,midgut primordium,Uhg7,0.58995384,0.5001937,0.089760125,,
PUPA-72h_cellbin,midgut primordium,COX7A,0.37625125,0.28979746,0.086453795,,
PUPA-72h_cellbin,midgut primordium,RpL3,0.46931002,0.38432333,0.08498669,,
PUPA-72h_cellbin,midgut primordium,CG12164,0.39398003,0.309865,0.08411503,,
PUPA-72h_cellbin,midgut primordium,ATPsynbeta,0.73980725,0.65602165,0.08378559,,
PUPA-72h_cellbin,midgut primordium,Vajk2,0.48474208,0.40136883,0.08337325,,
PUPA-72h_cellbin,midgut primordium,RpS14a,0.8219484,0.7398715,0.08207691,,
PUPA-72h_cellbin,midgut primordium,28SrRNA-Psi:CR45851,0.3408625,0.25953868,0.08132383,,
PUPA-72h_cellbin,midgut primordium,eEF5,0.80813277,0.72768193,0.08045083,,
PUPA-72h_cellbin,midgut primordium,Cpr49Aa,0.50776654,0.42737082,0.08039573,,
PUPA-72h_cellbin,midgut primordium,CG17127,0.42025286,0.34258002,0.07767284,,
PUPA-72h_cellbin,midgut primordium,RpL7A,0.49191818,0.41461363,0.07730454,,
PUPA-72h_cellbin,midgut primordium,CG7630,0.63458514,0.55735636,0.077228785,,
PUPA-72h_cellbin,midgut primordium,edin,0.35572153,0.27883336,0.076888174,,
PUPA-72h_cellbin,midgut primordium,sesB,0.39183587,0.31722468,0.07461119,,
PUPA-72h_cellbin,midgut primordium,Vajk1,0.337096,0.2625572,0.0745388,,
PUPA-72h_cellbin,midgut primordium,RpS6,0.4861267,0.41250113,0.073625565,,
PUPA-72h_cellbin,midgut primordium,GstD1,0.54772705,0.4742303,0.07349676,,
PUPA-72h_cellbin,midgut primordium,RpL13,0.46241358,0.39175612,0.07065746,,
PUPA-72h_cellbin,midgut primordium,Lsd-2,0.2933391,0.22489797,0.06844114,,
PUPA-72h_cellbin,midgut primordium,COX5A,0.51310676,0.44583923,0.06726754,,
PUPA-72h_cellbin,midgut primordium,RpS14b,0.4034239,0.33893827,0.06448564,,
PUPA-72h_cellbin,midgut primordium,UQCR-C2,0.33836195,0.27420226,0.06415969,,
PUPA-72h_cellbin,midgut primordium,ATPsynE,0.40018693,0.33606797,0.06411895,,
PUPA-72h_cellbin,midgut primordium,ATPsynG,0.7338252,0.6705874,0.06323779,,
PUPA-72h_cellbin,midgut primordium,28SrRNA-Psi:CR40741,0.23876758,0.17572528,0.0630423,,
PUPA-72h_cellbin,midgut primordium,His4r,0.6044907,0.5415584,0.06293231,,
PUPA-72h_cellbin,midgut primordium,lectin-37Da,0.26824856,0.20541735,0.06283121,,
PUPA-72h_cellbin,midgut primordium,Rack1,0.36948574,0.30706632,0.062419415,,
PUPA-72h_cellbin,midgut primordium,tsr,0.38505527,0.32311398,0.061941296,,
PUPA-72h_cellbin,midgut primordium,14-3-3zeta,0.38804635,0.32630587,0.061740488,,
PUPA-72h_cellbin,midgut primordium,ox,0.59254783,0.53128153,0.061266303,,
PUPA-72h_cellbin,midgut primordium,CG45089,0.24467814,0.1852225,0.059455633,,
PUPA-72h_cellbin,midgut primordium,fabp,0.27314624,0.21453021,0.058616027,,
PUPA-72h_cellbin,midgut primordium,eIF4A,0.24376795,0.18637544,0.057392508,,
PUPA-72h_cellbin,midgut primordium,Cpr64Ac,0.5238973,0.46857917,0.055318117,,
PUPA-72h_cellbin,midgut primordium,TpnC73F,0.29605624,0.24084473,0.055211514,,
PUPA-72h_cellbin,midgut primordium,Tm1,0.49718255,0.4420313,0.055151254,,
PUPA-72h_cellbin,midgut primordium,RpL35A,0.40544462,0.35090265,0.054541975,,
PUPA-72h_cellbin,midgut primordium,COX5B,0.4437553,0.3892831,0.054472208,,
PUPA-72h_cellbin,midgut primordium,Nacalpha,0.3019737,0.24856791,0.05340579,,
PUPA-72h_cellbin,midgut primordium,RpS15Aa,0.54597944,0.49358332,0.05239612,,
PUPA-72h_cellbin,midgut primordium,ATPsynB,0.38801077,0.33662567,0.051385105,,
PUPA-72h_cellbin,midgut primordium,Cp1,0.5450734,0.49390724,0.051166147,,
PUPA-72h_cellbin,midgut primordium,Col4a1,0.38215998,0.33117586,0.050984114,,
PUPA-72h_cellbin,midgut primordium,Vha13,0.282427,0.23263277,0.04979424,,
PUPA-72h_cellbin,midgut primordium,Sap-r,0.4156353,0.3666217,0.049013585,,
PUPA-72h_cellbin,midgut primordium,RpL11,0.5849615,0.538521,0.046440482,,
PUPA-72h_cellbin,midgut primordium,levy,0.5760249,0.5298613,0.04616362,,
PUPA-72h_cellbin,midgut primordium,Mst84Db,0.3029005,0.25694677,0.04595372,,
PUPA-72h_cellbin,midgut primordium,CG12780,0.39746827,0.352505,0.04496327,,
PUPA-72h_cellbin,midgut primordium,COX4,0.37694326,0.33200294,0.044940323,,
PUPA-72h_cellbin,midgut primordium,mt:lrRNA,4.2804904,4.236188,0.044302464,,
PUPA-72h_cellbin,midgut primordium,Tapdelta,0.25345477,0.20969959,0.04375519,,
PUPA-72h_cellbin,midgut primordium,CG3513,0.7289642,0.6854621,0.043502092,,
PUPA-72h_cellbin,midgut primordium,ATPsynO,0.34372288,0.30142835,0.042294532,,
PUPA-72h_cellbin,midgut primordium,Act57B,0.77659076,0.7343011,0.042289674,,
PUPA-72h_cellbin,midgut primordium,blw,0.37016883,0.32906237,0.041106462,,
PUPA-72h_cellbin,midgut primordium,Vha16-1,0.3449257,0.3040222,0.04090351,,
PUPA-72h_cellbin,midgut primordium,Phk-3,0.25657272,0.21703158,0.03954114,,
PUPA-72h_cellbin,midgut primordium,wupA,0.4694903,0.43051398,0.03897631,,
PUPA-72h_cellbin,midgut primordium,CG13231,0.79649174,0.7584435,0.038048267,,
PUPA-72h_cellbin,midgut primordium,CtsB1,0.3346484,0.29743245,0.037215948,,
PUPA-72h_cellbin,midgut primordium,Gapdh1,0.32152092,0.2844538,0.037067115,,
PUPA-72h_cellbin,midgut primordium,mt:CoIII,3.0532568,3.0173798,0.03587699,,
PUPA-72h_cellbin,midgut primordium,mt:ATPase8,0.49044642,0.4549894,0.035457015,,
PUPA-72h_cellbin,midgut primordium,CG6357,0.25492057,0.22037667,0.0345439,,
PUPA-72h_cellbin,midgut primordium,Cpr62Bc,0.51744777,0.48300076,0.034447014,,
PUPA-72h_cellbin,midgut primordium,ND-MLRQ,0.92266166,0.8885639,0.03409779,,
PUPA-72h_cellbin,midgut primordium,Clect27,0.22358936,0.19206806,0.031521305,,
PUPA-72h_cellbin,midgut primordium,RpL27,0.49921083,0.4677734,0.031437427,,
PUPA-72h_cellbin,midgut primordium,SPARC,0.32268667,0.2916002,0.031086475,,
PUPA-72h_cellbin,midgut primordium,Cpr92F,0.5459172,0.5151613,0.030755937,,
PUPA-72h_cellbin,midgut primordium,CG13071,0.25714257,0.22653532,0.030607253,,
PUPA-72h_cellbin,midgut primordium,Mhc,0.66447574,0.6350603,0.029415429,,
PUPA-72h_cellbin,midgut primordium,SdhC,0.21714224,0.18796267,0.029179573,,
PUPA-72h_cellbin,midgut primordium,UQCR-Q,0.5909968,0.56192434,0.029072464,,
PUPA-72h_cellbin,midgut primordium,crc,0.23288554,0.20395398,0.028931558,,
PUPA-72h_cellbin,midgut primordium,RNASEK,0.33408123,0.30712396,0.026957273,,
PUPA-72h_cellbin,midgut primordium,Vajk4,0.59841144,0.5717132,0.026698232,,
PUPA-72h_cellbin,midgut primordium,ATPsyngamma,0.28917193,0.26254973,0.026622206,,
PUPA-72h_cellbin,midgut primordium,CG43897,0.392024,0.366309,0.025715023,,
PUPA-72h_cellbin,midgut primordium,Jupiter,0.3036226,0.27878278,0.024839818,,
PUPA-72h_cellbin,midgut primordium,ND-B12,0.27046844,0.24651664,0.023951799,,
PUPA-72h_cellbin,midgut primordium,bic,0.26085335,0.23976581,0.021087542,,
PUPA-72h_cellbin,midgut primordium,CG4962,0.6236659,0.60301703,0.020648897,,
PUPA-72h_cellbin,midgut primordium,UK114,0.2377004,0.21899772,0.018702686,,
PUPA-72h_cellbin,midgut primordium,Gapdh2,0.34645227,0.32807404,0.018378228,,
PUPA-72h_cellbin,midgut primordium,Argk,0.28850862,0.27028158,0.01822704,,
PUPA-72h_cellbin,midgut primordium,Tsf1,0.26577246,0.24843916,0.017333299,,
PUPA-72h_cellbin,midgut primordium,Pdi,0.29372728,0.2780347,0.015692592,,
PUPA-72h_cellbin,midgut primordium,cathD,0.28928706,0.27365002,0.01563704,,
PUPA-72h_cellbin,midgut primordium,Vajk3,0.4065049,0.3914488,0.0150561035,,
PUPA-72h_cellbin,midgut primordium,Drs,0.43210724,0.41780904,0.014298201,,
PUPA-72h_cellbin,midgut primordium,Gasp,0.43688896,0.4234179,0.013471067,,
PUPA-72h_cellbin,midgut primordium,trol,0.26486242,0.25269836,0.012164056,,
PUPA-72h_cellbin,midgut primordium,CG13364,0.23338895,0.22259279,0.0107961595,,
PUPA-72h_cellbin,midgut primordium,Mst87F,0.27612936,0.2686322,0.0074971616,,
PUPA-72h_cellbin,midgut primordium,CG30430,0.29523006,0.2896671,0.005562961,,
PUPA-72h_cellbin,midgut primordium,Hsp23,0.5689017,0.5638554,0.005046308,,
PUPA-72h_cellbin,midgut primordium,mt:ND4,1.5190941,1.5149835,0.0041105747,,
PUPA-72h_cellbin,midgut primordium,Cys,0.30505747,0.3011302,0.0039272606,,
PUPA-72h_cellbin,midgut primordium,CG34168,0.4142467,0.41047832,0.0037683845,,
PUPA-72h_cellbin,midgut primordium,Msr-110,0.3463853,0.3433243,0.0030609965,,
PUPA-72h_cellbin,midgut primordium,Tctp,0.4494587,0.4473102,0.0021484792,,
PUPA-72h_cellbin,midgut primordium,Sod1,0.23179218,0.23004246,0.0017497241,,
PUPA-72h_cellbin,midgut primordium,mt:ATPase6,4.2293706,4.2278547,0.0015158653,,
PUPA-72h_cellbin,midgut primordium,sun,0.32282773,0.3213132,0.0015145242,,
PUPA-72h_cellbin,midgut primordium,CG31997,0.2901323,0.28922525,0.0009070635,,
PUPA-72h_cellbin,midgut primordium,Cpr30F,0.8055581,0.8061348,-0.00057673454,,
PUPA-72h_cellbin,midgut primordium,CG17376,0.23684648,0.24098493,-0.004138455,,
PUPA-72h_cellbin,midgut primordium,roh,0.2977346,0.302443,-0.0047084093,,
PUPA-72h_cellbin,midgut primordium,Neb-cGP,0.61520815,0.6204366,-0.00522846,,
PUPA-72h_cellbin,midgut primordium,UQCR-14,0.21609214,0.226647,-0.010554865,,
PUPA-72h_cellbin,midgut primordium,CG46059,0.19973628,0.2108173,-0.011081025,,
PUPA-72h_cellbin,midgut primordium,Tm2,0.3936841,0.40491942,-0.0112353265,,
PUPA-72h_cellbin,midgut primordium,CG16926,0.22379985,0.23517908,-0.011379227,,
PUPA-72h_cellbin,midgut primordium,Cpr47Ea,0.36249983,0.37707502,-0.014575183,,
PUPA-72h_cellbin,midgut primordium,Cpr49Ah,0.36913761,0.38448372,-0.01534611,,
PUPA-72h_cellbin,midgut primordium,Scp1,0.26821914,0.28357613,-0.015356988,,
PUPA-72h_cellbin,midgut primordium,CG2150,0.6372704,0.65377676,-0.016506374,,
PUPA-72h_cellbin,midgut primordium,CG2663,0.22728032,0.24397519,-0.016694874,,
PUPA-72h_cellbin,midgut primordium,UQCR-11,0.44448775,0.4652014,-0.020713657,,
PUPA-72h_cellbin,midgut primordium,mt:Cyt-b,2.7161214,2.7378125,-0.021691084,,
PUPA-72h_cellbin,midgut primordium,CG41128,0.20069134,0.22268291,-0.021991566,,
PUPA-72h_cellbin,midgut primordium,Sirup,0.42676482,0.44885373,-0.022088915,,
PUPA-72h_cellbin,midgut primordium,Sec61beta,0.218001,0.2406791,-0.022678107,,
PUPA-72h_cellbin,midgut primordium,Ald1,0.26753777,0.29186544,-0.024327666,,
PUPA-72h_cellbin,midgut primordium,Cpr76Bd,0.27007112,0.29495755,-0.02488643,,
PUPA-72h_cellbin,midgut primordium,ATPsynCF6,0.28007627,0.30621123,-0.026134968,,
PUPA-72h_cellbin,midgut primordium,Mdh2,0.29885525,0.32693842,-0.028083175,,
PUPA-72h_cellbin,midgut primordium,UQCR-6.4,0.41067243,0.4391515,-0.02847907,,
PUPA-72h_cellbin,midgut primordium,mt:ND3,0.39423493,0.42394686,-0.029711932,,
PUPA-72h_cellbin,midgut primordium,Cpr51A,0.24850453,0.279546,-0.031041458,,
PUPA-72h_cellbin,midgut primordium,COX6B,0.363062,0.39413017,-0.031068176,,
PUPA-72h_cellbin,midgut primordium,CG3868,0.3312838,0.36284295,-0.03155914,,
PUPA-72h_cellbin,midgut primordium,CG2852,0.3882801,0.42078772,-0.03250763,,
PUPA-72h_cellbin,midgut primordium,eEF1alpha2,0.20323914,0.23776917,-0.03453003,,
PUPA-72h_cellbin,midgut primordium,Act79B,0.2860161,0.3208863,-0.034870207,,
PUPA-72h_cellbin,midgut primordium,Hsc70-3,0.24072537,0.2763385,-0.03561312,,
PUPA-72h_cellbin,midgut primordium,Cam,0.27834764,0.31606108,-0.03771344,,
PUPA-72h_cellbin,midgut primordium,Mp20,0.34871006,0.3871588,-0.03844875,,
PUPA-72h_cellbin,midgut primordium,fln,0.18869801,0.22886491,-0.0401669,,
PUPA-72h_cellbin,midgut primordium,CG34205,0.2507905,0.2946648,-0.043874294,,
PUPA-72h_cellbin,midgut primordium,Acbp5,0.585023,0.6343055,-0.04928249,,
PUPA-72h_cellbin,midgut primordium,Act87E,0.38038698,0.43469685,-0.054309875,,
PUPA-72h_cellbin,midgut primordium,CG32276,0.21964507,0.27434403,-0.05469896,,
PUPA-72h_cellbin,midgut primordium,CG34166,0.21244146,0.26838407,-0.05594261,,
PUPA-72h_cellbin,midgut primordium,Mlc1,0.66453606,0.7293273,-0.06479126,,
PUPA-72h_cellbin,midgut primordium,up,0.53316736,0.598635,-0.065467656,,
PUPA-72h_cellbin,midgut primordium,Calr,0.43989506,0.50865626,-0.0687612,,
PUPA-72h_cellbin,midgut primordium,EbpIII,0.21635516,0.28530714,-0.06895198,,
PUPA-72h_cellbin,midgut primordium,Cpr97Eb,0.19680189,0.26797768,-0.0711758,,
PUPA-72h_cellbin,midgut primordium,CG1368,0.80748504,0.87909395,-0.0716089,,
PUPA-72h_cellbin,midgut primordium,Acp65Aa,1.3146349,1.3888743,-0.07423937,,
PUPA-72h_cellbin,midgut primordium,Lsp1gamma,0.25031698,0.32637864,-0.076061666,,
PUPA-72h_cellbin,midgut primordium,Act88F,0.5076644,0.58509076,-0.077426374,,
PUPA-72h_cellbin,midgut primordium,mt:ND5,0.596424,0.6752252,-0.078801215,,
PUPA-72h_cellbin,midgut primordium,CG9672,0.22303538,0.30723485,-0.08419947,,
PUPA-72h_cellbin,midgut primordium,CG13042,1.3798788,1.466051,-0.08617222,,
PUPA-72h_cellbin,midgut primordium,TotA,0.17256391,0.2641415,-0.09157759,,
PUPA-72h_cellbin,midgut primordium,Lsp1beta,0.18081912,0.2735186,-0.09269947,,
PUPA-72h_cellbin,midgut primordium,Mlc2,1.6255134,1.7269634,-0.10144997,,
PUPA-72h_cellbin,midgut primordium,Cpr64Aa,0.3397988,0.44561502,-0.105816215,,
PUPA-72h_cellbin,midgut primordium,Fbp2,0.41603044,0.5241956,-0.108165175,,
PUPA-72h_cellbin,midgut primordium,Cpr30B,0.9304805,1.0430123,-0.11253178,,
PUPA-72h_cellbin,midgut primordium,Lsp2,0.99202335,1.1134568,-0.1214335,,
PUPA-72h_cellbin,midgut primordium,mt:ND1,1.0274377,1.1534394,-0.12600172,,
PUPA-72h_cellbin,midgut primordium,CG42323,0.6023517,0.750884,-0.14853227,,
PUPA-72h_cellbin,midgut primordium,CG34461,1.2220721,1.3714203,-0.14934814,,
PUPA-72h_cellbin,midgut primordium,mt:ND6,0.39482343,0.55723554,-0.1624121,,
PUPA-72h_cellbin,midgut primordium,CG34172,0.47625962,0.63885254,-0.16259292,,
PUPA-72h_cellbin,midgut primordium,Fbp1,0.49268952,0.6648249,-0.17213538,,
PUPA-72h_cellbin,midgut primordium,Obp99b,0.7422016,0.9207672,-0.17856556,,
PUPA-72h_cellbin,midgut primordium,Obp44a,0.56875116,0.7605018,-0.19175065,,
PUPA-72h_cellbin,midgut primordium,Drsl3,0.7739449,0.97289443,-0.19894952,,
PUPA-72h_cellbin,midgut primordium,CG5506,0.9236003,1.1282905,-0.20469022,,
PUPA-72h_cellbin,midgut primordium,CG15212,0.23254803,0.44917238,-0.21662435,,
PUPA-72h_cellbin,midgut primordium,CG8736,0.33178386,0.55307853,-0.22129467,,
PUPA-72h_cellbin,midgut primordium,CG14191,0.21384606,0.45571664,-0.24187058,,
PUPA-72h_cellbin,midgut primordium,CG13065,0.5190246,0.7646262,-0.2456016,,
PUPA-72h_cellbin,midgut primordium,Cpr49Ae,0.8672272,1.2464067,-0.37917948,,
PUPA-72h_cellbin,midgut primordium,CG18179,0.640913,1.0321949,-0.39128184,,
PUPA-72h_cellbin,midgut primordium,CG7214,2.2427592,2.6871185,-0.4443593,,
PUPA-72h_cellbin,midgut primordium,LysX,0.46706438,0.9183565,-0.4512921,,
PUPA-72h_cellbin,midgut primordium,CG44013,1.0846717,1.5468935,-0.46222174,0.004975124378109453,0.1354501595637875
PUPA-72h_cellbin,midgut primordium,Ag5r2,0.48467386,0.99499947,-0.5103256,0.004975124378109453,0.12780984406294257
PUPA-72h_cellbin,midgut primordium,CG43218,2.4532962,3.326777,-0.8734808,0.004975124378109453,0.25810091833747795
PUPA-72h_cellbin,midgut primordium,CG18180,1.9158645,3.1752656,-1.2594011,0.004975124378109453,0.2928295367566649
PUPA-72h_cellbin,midgut primordium,CG42397,1.3783838,2.6625566,-1.2841729,0.004975124378109453,0.2612339899966049
PUPA-72h_cellbin,midgut primordium,Drsl2,1.7549673,3.0995743,-1.344607,0.004975124378109453,0.3200814151790555
PUPA-72h_cellbin,epidermis,Acp65Aa,3.1354961,2.407175,0.7283211,0.004975124378109453,0.14274827990236025
PUPA-72h_cellbin,epidermis,lncRNA:CR40469,3.9207664,3.2152114,0.70555496,0.004975124378109453,0.07047987599634924
PUPA-72h_cellbin,epidermis,lncRNA:CR34335,3.6480224,2.951979,0.6960435,0.004975124378109453,0.07447771369267385
PUPA-72h_cellbin,epidermis,Cpr49Ah,1.629002,0.94193125,0.6870707,0.004975124378109453,0.11033472343207047
PUPA-72h_cellbin,epidermis,CG13231,1.869467,1.199839,0.669628,0.1044776119402985,0.15127970751581774
PUPA-72h_cellbin,epidermis,Cpr30B,2.2387238,1.5714878,0.667236,0.2537313432835821,0.17976377492332976
PUPA-72h_cellbin,epidermis,CG2150,2.327349,1.6710913,0.6562576,,
PUPA-72h_cellbin,epidermis,Cpr30F,1.8953329,1.2708184,0.6245146,,
PUPA-72h_cellbin,epidermis,TwdlT,2.778364,2.1612666,0.6170974,,
PUPA-72h_cellbin,epidermis,CG4962,1.8703461,1.2595022,0.6108439,,
PUPA-72h_cellbin,epidermis,RpL39,2.210402,1.6318928,0.5785092,,
PUPA-72h_cellbin,epidermis,RpLP2,2.2869446,1.7131962,0.57374847,,
PUPA-72h_cellbin,epidermis,eEF1alpha1,1.7045491,1.1359363,0.5686128,,
PUPA-72h_cellbin,epidermis,CG13376,1.0478508,0.5007297,0.54712117,,
PUPA-72h_cellbin,epidermis,RpL41,2.221249,1.7069136,0.5143355,,
PUPA-72h_cellbin,epidermis,Cpr56F,1.0924642,0.59789485,0.49456936,,
PUPA-72h_cellbin,epidermis,Gasp,1.1886779,0.69619846,0.49247944,,
PUPA-72h_cellbin,epidermis,RpS25,1.6221629,1.1663233,0.45583963,,
PUPA-72h_cellbin,epidermis,Cpr64Ac,1.7617435,1.3119985,0.44974506,,
PUPA-72h_cellbin,epidermis,CG14515,0.930292,0.48974228,0.44054973,,
PUPA-72h_cellbin,epidermis,CG17127,1.0627537,0.62747186,0.4352818,,
PUPA-72h_cellbin,epidermis,Clect27,1.0187933,0.5876511,0.43114227,,
PUPA-72h_cellbin,epidermis,RpL23,1.40075,0.98669064,0.4140594,,
PUPA-72h_cellbin,epidermis,RpL38,1.3042684,0.9207295,0.38353884,,
PUPA-72h_cellbin,epidermis,CG34461,3.2564309,2.8766327,0.37979817,,
PUPA-72h_cellbin,epidermis,Cpr49Ae,2.0735896,1.6978204,0.37576914,,
PUPA-72h_cellbin,epidermis,resilin,0.59575367,0.22132745,0.37442622,,
PUPA-72h_cellbin,epidermis,RpL27A,1.1302766,0.7642322,0.36604434,,
PUPA-72h_cellbin,epidermis,CG34205,1.1945908,0.8311942,0.36339658,,
PUPA-72h_cellbin,epidermis,CG31997,0.9813646,0.61822224,0.36314237,,
PUPA-72h_cellbin,epidermis,Msr-110,1.0112132,0.64829177,0.36292142,,
PUPA-72h_cellbin,epidermis,RpS15,1.1311694,0.79009295,0.3410765,,
PUPA-72h_cellbin,epidermis,Cpr76Bd,1.0109787,0.6754335,0.33554518,,
PUPA-72h_cellbin,epidermis,RpS5a,0.91045165,0.5774945,0.33295715,,
PUPA-72h_cellbin,epidermis,RpL37a,1.1652147,0.8325084,0.33270627,,
PUPA-72h_cellbin,epidermis,RpL5,1.1450922,0.81435454,0.3307377,,
PUPA-72h_cellbin,epidermis,mt:CoII,3.0921986,2.7636328,0.32856584,,
PUPA-72h_cellbin,epidermis,RpS28b,1.0953671,0.76797587,0.3273912,,
PUPA-72h_cellbin,epidermis,RpL15,1.1214964,0.79802734,0.3234691,,
PUPA-72h_cellbin,epidermis,RpS12,1.016239,0.6955607,0.32067835,,
PUPA-72h_cellbin,epidermis,RpL36,1.153976,0.8348753,0.31910068,,
PUPA-72h_cellbin,epidermis,RpS8,1.0024652,0.6852573,0.31720793,,
PUPA-72h_cellbin,epidermis,RpL14,1.0132183,0.7002407,0.3129776,,
PUPA-72h_cellbin,epidermis,RpS29,1.0120056,0.70312035,0.30888522,,
PUPA-72h_cellbin,epidermis,mt:CoI,3.4852934,3.1773813,0.3079121,,
PUPA-72h_cellbin,epidermis,RpL31,1.0568689,0.7489962,0.3078727,,
PUPA-72h_cellbin,epidermis,eEF5,1.0091558,0.70192313,0.30723262,,
PUPA-72h_cellbin,epidermis,RpS21,1.0243514,0.7174747,0.30687666,,
PUPA-72h_cellbin,epidermis,RpLP1,1.2397758,0.93321186,0.3065639,,
PUPA-72h_cellbin,epidermis,CG13042,1.969457,1.6665215,0.30293548,,
PUPA-72h_cellbin,epidermis,CG1368,0.786617,0.48476988,0.3018471,,
PUPA-72h_cellbin,epidermis,sta,0.9216945,0.6219698,0.2997247,,
PUPA-72h_cellbin,epidermis,RpL9,1.0381099,0.7384489,0.29966098,,
PUPA-72h_cellbin,epidermis,RpS30,1.1145414,0.81574434,0.29879707,,
PUPA-72h_cellbin,epidermis,RpS3A,0.86833674,0.57101303,0.2973237,,
PUPA-72h_cellbin,epidermis,alphaTub84B,1.2593874,0.9621821,0.29720527,,
PUPA-72h_cellbin,epidermis,RpS4,0.9995284,0.7048568,0.2946716,,
PUPA-72h_cellbin,epidermis,RpS19a,0.9575408,0.6630897,0.29445112,,
PUPA-72h_cellbin,epidermis,RpL21,0.96489346,0.67173856,0.2931549,,
PUPA-72h_cellbin,epidermis,RpL18A,0.9550097,0.66456676,0.29044294,,
PUPA-72h_cellbin,epidermis,RpL10,0.98745567,0.70194125,0.2855144,,
PUPA-72h_cellbin,epidermis,RpS14a,0.92677444,0.6432066,0.28356785,,
PUPA-72h_cellbin,epidermis,RpL40,0.96857226,0.6861852,0.28238708,,
PUPA-72h_cellbin,epidermis,CG42323,1.1843036,0.90336365,0.28094,,
PUPA-72h_cellbin,epidermis,RpL19,0.93823814,0.6583447,0.27989346,,
PUPA-72h_cellbin,epidermis,RpS26,0.940573,0.662231,0.27834195,,
PUPA-72h_cellbin,epidermis,RpS27A,0.97725767,0.7002032,0.2770545,,
PUPA-72h_cellbin,epidermis,RpS9,0.9449676,0.6681384,0.27682924,,
PUPA-72h_cellbin,epidermis,Cpr47Ea,1.4536833,1.1832591,0.27042413,,
PUPA-72h_cellbin,epidermis,RpL29,1.0228097,0.7558812,0.26692855,,
PUPA-72h_cellbin,epidermis,CG2663,0.5426067,0.27606592,0.2665408,,
PUPA-72h_cellbin,epidermis,RpS11,1.0913713,0.82631856,0.26505274,,
PUPA-72h_cellbin,epidermis,Cpr49Aa,1.5363986,1.27433,0.26206863,,
PUPA-72h_cellbin,epidermis,Obp99b,0.74399984,0.486275,0.25772485,,
PUPA-72h_cellbin,epidermis,RpS17,0.91132057,0.6560729,0.25524765,,
PUPA-72h_cellbin,epidermis,RpL12,0.9737636,0.7201043,0.2536593,,
PUPA-72h_cellbin,epidermis,RpL13A,0.89798677,0.6461839,0.25180286,,
PUPA-72h_cellbin,epidermis,RpS27,0.9711125,0.72061795,0.25049454,,
PUPA-72h_cellbin,epidermis,RpL22,0.7348712,0.48814133,0.24672988,,
PUPA-72h_cellbin,epidermis,RpL10Ab,0.79019624,0.5446961,0.24550015,,
PUPA-72h_cellbin,epidermis,RpL32,0.8956252,0.6502957,0.2453295,,
PUPA-72h_cellbin,epidermis,RpS2,0.8158584,0.57202,0.24383843,,
PUPA-72h_cellbin,epidermis,Lsp2,0.9258812,0.6823201,0.24356109,,
PUPA-72h_cellbin,epidermis,CG6055,0.5445869,0.30480227,0.23978463,,
PUPA-72h_cellbin,epidermis,RpS3,0.7454647,0.5118454,0.23361927,,
PUPA-72h_cellbin,epidermis,RpL24,0.685908,0.45250338,0.23340464,,
PUPA-72h_cellbin,epidermis,RpS18,0.78082114,0.5512853,0.22953582,,
PUPA-72h_cellbin,epidermis,Mlp60A,0.97791815,0.7510402,0.22687793,,
PUPA-72h_cellbin,epidermis,RpL23A,0.7429821,0.5196127,0.22336936,,
PUPA-72h_cellbin,epidermis,RpL17,0.6834799,0.4619867,0.22149321,,
PUPA-72h_cellbin,epidermis,Vajk4,1.1082282,0.8875084,0.22071981,,
PUPA-72h_cellbin,epidermis,pAbp,0.78509855,0.564719,0.22037953,,
PUPA-72h_cellbin,epidermis,RpS13,0.6978694,0.47779667,0.22007275,,
PUPA-72h_cellbin,epidermis,CG33946,0.6928238,0.47279298,0.22003084,,
PUPA-72h_cellbin,epidermis,RpS20,0.83417195,0.6157116,0.21846032,,
PUPA-72h_cellbin,epidermis,RpS7,0.8069316,0.58896536,0.21796626,,
PUPA-72h_cellbin,epidermis,RpL26,0.6791557,0.4619746,0.21718112,,
PUPA-72h_cellbin,epidermis,RpL35,0.7107926,0.49448684,0.21630576,,
PUPA-72h_cellbin,epidermis,RpL7,0.7702764,0.5551208,0.2151556,,
PUPA-72h_cellbin,epidermis,CG43386,0.44243476,0.2277438,0.21469095,,
PUPA-72h_cellbin,epidermis,RpLP0,0.6320404,0.42081648,0.2112239,,
PUPA-72h_cellbin,epidermis,RpS23,0.75664717,0.5496097,0.20703745,,
PUPA-72h_cellbin,epidermis,RpL28,0.7443089,0.538708,0.20560092,,
PUPA-72h_cellbin,epidermis,RpS15Aa,0.59094536,0.38915318,0.20179218,,
PUPA-72h_cellbin,epidermis,Hsp23,0.5152558,0.31495744,0.20029837,,
PUPA-72h_cellbin,epidermis,RpL18,0.73123455,0.53285885,0.1983757,,
PUPA-72h_cellbin,epidermis,RpS10b,0.6419923,0.4441993,0.19779298,,
PUPA-72h_cellbin,epidermis,RpL8,0.7026655,0.50529677,0.19736874,,
PUPA-72h_cellbin,epidermis,RpL36A,0.7918549,0.59495145,0.19690347,,
PUPA-72h_cellbin,epidermis,RpL37A,0.68965954,0.4965498,0.19310975,,
PUPA-72h_cellbin,epidermis,His4r,0.6952316,0.5030143,0.19221729,,
PUPA-72h_cellbin,epidermis,RpL30,0.7078472,0.51609373,0.19175345,,
PUPA-72h_cellbin,epidermis,Phk-3,0.44440526,0.25452682,0.18987843,,
PUPA-72h_cellbin,epidermis,Uhg7,0.6413038,0.45375526,0.18754852,,
PUPA-72h_cellbin,epidermis,mt:CoIII,2.6938646,2.5094604,0.18440413,,
PUPA-72h_cellbin,epidermis,RpS16,0.59042674,0.4089651,0.18146163,,
PUPA-72h_cellbin,epidermis,RpL7A,0.53066325,0.35190734,0.17875591,,
PUPA-72h_cellbin,epidermis,RpS14b,0.49332547,0.31548744,0.17783803,,
PUPA-72h_cellbin,epidermis,Cyp1,0.5830357,0.40698007,0.17605564,,
PUPA-72h_cellbin,epidermis,RpL6,0.57637024,0.4012201,0.17515013,,
PUPA-72h_cellbin,epidermis,RpL11,0.65472245,0.48016074,0.17456171,,
PUPA-72h_cellbin,epidermis,betaTub56D,0.5646598,0.39169875,0.17296103,,
PUPA-72h_cellbin,epidermis,Mlc2,1.9575182,1.789413,0.16810524,,
PUPA-72h_cellbin,epidermis,ND-MLRQ,0.9888126,0.82256216,0.16625047,,
PUPA-72h_cellbin,epidermis,Vajk3,1.3945677,1.2329963,0.16157138,,
PUPA-72h_cellbin,epidermis,Cpr64Aa,0.67672753,0.51663774,0.16008979,,
PUPA-72h_cellbin,epidermis,RpL34b,0.48657528,0.32685784,0.15971744,,
PUPA-72h_cellbin,epidermis,Act79B,0.4299813,0.27085584,0.15912545,,
PUPA-72h_cellbin,epidermis,Obp99c,0.71298105,0.55575275,0.15722829,,
PUPA-72h_cellbin,epidermis,RpL4,0.3920216,0.23503965,0.15698195,,
PUPA-72h_cellbin,epidermis,mt:ATPase6,3.67064,3.5156233,0.15501666,,
PUPA-72h_cellbin,epidermis,Cpr51A,0.3957282,0.24131648,0.15441172,,
PUPA-72h_cellbin,epidermis,CG6770,0.5932919,0.4390244,0.15426749,,
PUPA-72h_cellbin,epidermis,RpS24,0.54492575,0.39169788,0.15322787,,
PUPA-72h_cellbin,epidermis,Tm1,0.50113916,0.34854874,0.15259042,,
PUPA-72h_cellbin,epidermis,RpL27,0.57524276,0.42280385,0.15243891,,
PUPA-72h_cellbin,epidermis,CG13065,1.254175,1.1023766,0.15179837,,
PUPA-72h_cellbin,epidermis,obst-A,0.35079148,0.19899584,0.15179564,,
PUPA-72h_cellbin,epidermis,COX8,0.8394088,0.6879921,0.15141672,,
PUPA-72h_cellbin,epidermis,mt:Cyt-b,2.2749486,2.1242356,0.15071297,,
PUPA-72h_cellbin,epidermis,RpL3,0.5024377,0.35385302,0.1485847,,
PUPA-72h_cellbin,epidermis,CG9336,0.33468434,0.1863611,0.14832324,,
PUPA-72h_cellbin,epidermis,RpL13,0.5282019,0.3812175,0.14698437,,
PUPA-72h_cellbin,epidermis,RpL35A,0.44822976,0.3051218,0.14310795,,
PUPA-72h_cellbin,epidermis,CG12164,0.85730445,0.7197034,0.13760108,,
PUPA-72h_cellbin,epidermis,Tctp,0.4907672,0.35325226,0.13751495,,
PUPA-72h_cellbin,epidermis,CG13643,0.36712837,0.2326086,0.13451977,,
PUPA-72h_cellbin,epidermis,Vajk2,1.5216666,1.3880605,0.1336062,,
PUPA-72h_cellbin,epidermis,Rack1,0.40875322,0.275585,0.13316822,,
PUPA-72h_cellbin,epidermis,l(2)34Fc,0.41468084,0.28278944,0.1318914,,
PUPA-72h_cellbin,epidermis,Jupiter,0.40120682,0.27117077,0.13003606,,
PUPA-72h_cellbin,epidermis,serp,0.35169277,0.22183503,0.12985773,,
PUPA-72h_cellbin,epidermis,Oda,0.54002005,0.41264102,0.12737903,,
PUPA-72h_cellbin,epidermis,CG3513,0.7705905,0.6439142,0.12667626,,
PUPA-72h_cellbin,epidermis,Skeletor,0.28007007,0.15352526,0.1265448,,
PUPA-72h_cellbin,epidermis,eEF2,0.42186105,0.29613236,0.1257287,,
PUPA-72h_cellbin,epidermis,RpS6,0.50685114,0.38283795,0.124013186,,
PUPA-72h_cellbin,epidermis,RNASEK,0.36839417,0.24475153,0.12364264,,
PUPA-72h_cellbin,epidermis,Vajk1,0.6899516,0.56811863,0.12183297,,
PUPA-72h_cellbin,epidermis,eEF1gamma,0.4005722,0.27994338,0.120628834,,
PUPA-72h_cellbin,epidermis,Act57B,0.6617758,0.54156864,0.12020719,,
PUPA-72h_cellbin,epidermis,CG2852,0.3559487,0.23692115,0.11902754,,
PUPA-72h_cellbin,epidermis,Cpr97Eb,0.59232885,0.47403055,0.11829829,,
PUPA-72h_cellbin,epidermis,Sirup,0.37928325,0.2612977,0.11798555,,
PUPA-72h_cellbin,epidermis,CG15021,0.41095614,0.29468203,0.11627412,,
PUPA-72h_cellbin,epidermis,awd,0.29572746,0.17968316,0.1160443,,
PUPA-72h_cellbin,epidermis,Mtk,0.7511344,0.6373099,0.11382449,,
PUPA-72h_cellbin,epidermis,up,0.6827973,0.5695562,0.113241136,,
PUPA-72h_cellbin,epidermis,CG9782,0.29754275,0.18654852,0.110994235,,
PUPA-72h_cellbin,epidermis,Col4a1,0.31604552,0.20526446,0.11078106,,
PUPA-72h_cellbin,epidermis,ATPsynC,1.0015496,0.8918925,0.10965711,,
PUPA-72h_cellbin,epidermis,EbpIII,0.48358318,0.3757183,0.10786489,,
PUPA-72h_cellbin,epidermis,Fbp1,0.44498068,0.3413439,0.10363677,,
PUPA-72h_cellbin,epidermis,crc,0.3341062,0.23070917,0.10339704,,
PUPA-72h_cellbin,epidermis,Scp1,0.3760683,0.27365804,0.10241026,,
PUPA-72h_cellbin,epidermis,eIF4A,0.3431614,0.24156788,0.101593524,,
PUPA-72h_cellbin,epidermis,Sap-r,0.31064302,0.20909765,0.10154536,,
PUPA-72h_cellbin,epidermis,COX5A,0.49795666,0.39743727,0.10051939,,
PUPA-72h_cellbin,epidermis,SPARC,0.2730238,0.1735399,0.09948391,,
PUPA-72h_cellbin,epidermis,UQCR-Q,0.5725554,0.4753663,0.09718913,,
PUPA-72h_cellbin,epidermis,Fbp2,0.3582579,0.26223925,0.09601864,,
PUPA-72h_cellbin,epidermis,CG7214,3.0500777,2.9553292,0.0947485,,
PUPA-72h_cellbin,epidermis,CG7630,0.58569974,0.49095705,0.094742686,,
PUPA-72h_cellbin,epidermis,Hsc70-4,0.4448582,0.35060802,0.09425017,,
PUPA-72h_cellbin,epidermis,GILT1,0.312314,0.21812147,0.094192535,,
PUPA-72h_cellbin,epidermis,levy,0.5679202,0.4744848,0.09343541,,
PUPA-72h_cellbin,epidermis,COX5B,0.47039473,0.37728667,0.09310806,,
PUPA-72h_cellbin,epidermis,ATPsynG,0.7129369,0.6204375,0.092499375,,
PUPA-72h_cellbin,epidermis,Cp1,0.42152217,0.33039108,0.09113109,,
PUPA-72h_cellbin,epidermis,Tm2,0.4768558,0.3860249,0.09083092,,
PUPA-72h_cellbin,epidermis,porin,0.49184695,0.40310407,0.08874288,,
PUPA-72h_cellbin,epidermis,CG14218,0.3672334,0.27962166,0.087611735,,
PUPA-72h_cellbin,epidermis,COX7C,0.70963264,0.6228488,0.08678383,,
PUPA-72h_cellbin,epidermis,Nacalpha,0.30416805,0.21904635,0.08512169,,
PUPA-72h_cellbin,epidermis,lncRNA:CR42862,0.32424247,0.24077234,0.083470136,,
PUPA-72h_cellbin,epidermis,Act87E,0.5062942,0.42303377,0.08326042,,
PUPA-72h_cellbin,epidermis,fax,0.3032409,0.22034371,0.08289719,,
PUPA-72h_cellbin,epidermis,TwdlE,0.4503723,0.36882037,0.08155194,,
PUPA-72h_cellbin,epidermis,Mlc1,0.84465086,0.7652281,0.07942277,,
PUPA-72h_cellbin,epidermis,CG3662,0.28836897,0.2093044,0.07906456,,
PUPA-72h_cellbin,epidermis,UQCR-11,0.52175826,0.44399,0.077768266,,
PUPA-72h_cellbin,epidermis,Act5C,0.42802098,0.35066658,0.0773544,,
PUPA-72h_cellbin,epidermis,Cpr97Ea,0.2660129,0.18888594,0.077126965,,
PUPA-72h_cellbin,epidermis,bic,0.27084628,0.19464812,0.07619816,,
PUPA-72h_cellbin,epidermis,Vha13,0.24924123,0.1734907,0.07575053,,
PUPA-72h_cellbin,epidermis,cype,0.620656,0.54677534,0.07388067,,
PUPA-72h_cellbin,epidermis,COX4,0.35469896,0.2810197,0.07367927,,
PUPA-72h_cellbin,epidermis,Neb-cGP,0.61254334,0.53914386,0.073399484,,
PUPA-72h_cellbin,epidermis,ATPsynF,0.5701174,0.49680594,0.07331148,,
PUPA-72h_cellbin,epidermis,edin,0.30993888,0.23779722,0.07214166,,
PUPA-72h_cellbin,epidermis,mt:ND4,1.2496709,1.1781067,0.0715642,,
PUPA-72h_cellbin,epidermis,ATPsynB,0.37187397,0.3006801,0.071193874,,
PUPA-72h_cellbin,epidermis,ox,0.5787131,0.5093088,0.069404304,,
PUPA-72h_cellbin,epidermis,Cpr66Cb,0.28002018,0.21076924,0.06925094,,
PUPA-72h_cellbin,epidermis,Drs,0.42959952,0.36102548,0.06857404,,
PUPA-72h_cellbin,epidermis,CG13071,0.3152073,0.24731594,0.06789136,,
PUPA-72h_cellbin,epidermis,CG13364,0.26796076,0.2003208,0.06763996,,
PUPA-72h_cellbin,epidermis,tsr,0.2803109,0.21376166,0.06654924,,
PUPA-72h_cellbin,epidermis,COX7A,0.2793746,0.21362297,0.06575163,,
PUPA-72h_cellbin,epidermis,CG10527,0.25237545,0.18681802,0.065557435,,
PUPA-72h_cellbin,epidermis,Mhc,0.73932886,0.67539793,0.06393093,,
PUPA-72h_cellbin,epidermis,Fer2LCH,0.26429984,0.20077695,0.06352289,,
PUPA-72h_cellbin,epidermis,verm,0.25205046,0.18928441,0.062766045,,
PUPA-72h_cellbin,epidermis,COX6B,0.37050012,0.3080318,0.06246832,,
PUPA-72h_cellbin,epidermis,14-3-3zeta,0.31841895,0.25608614,0.06233281,,
PUPA-72h_cellbin,epidermis,ATPsynCF6,0.3049903,0.24303904,0.06195125,,
PUPA-72h_cellbin,epidermis,Obp83g,0.25365907,0.19183707,0.061821997,,
PUPA-72h_cellbin,epidermis,ATPsynE,0.38066325,0.31902853,0.06163472,,
PUPA-72h_cellbin,epidermis,ND-MWFE,0.37529042,0.31430194,0.060988486,,
PUPA-72h_cellbin,epidermis,TpnC73F,0.27067968,0.21098506,0.059694618,,
PUPA-72h_cellbin,epidermis,UQCR-6.4,0.46688902,0.40722263,0.059666395,,
PUPA-72h_cellbin,epidermis,Cpr50Cb,0.24798156,0.18842156,0.05956,,
PUPA-72h_cellbin,epidermis,ND-B12,0.2562528,0.19734141,0.058911383,,
PUPA-72h_cellbin,epidermis,ATPsynO,0.326641,0.2690693,0.05757168,,
PUPA-72h_cellbin,epidermis,CG13551,0.25851828,0.20147322,0.057045057,,
PUPA-72h_cellbin,epidermis,Gapdh2,0.30271676,0.24936554,0.053351223,,
PUPA-72h_cellbin,epidermis,wupA,0.48521712,0.4330288,0.052188337,,
PUPA-72h_cellbin,epidermis,blw,0.35662293,0.30785918,0.048763752,,
PUPA-72h_cellbin,epidermis,roh,0.33024326,0.28221652,0.04802674,,
PUPA-72h_cellbin,epidermis,Fer1HCH,0.24013226,0.19270287,0.047429383,,
PUPA-72h_cellbin,epidermis,CG43897,0.2673068,0.22052246,0.04678434,,
PUPA-72h_cellbin,epidermis,CG8736,0.57473433,0.5282544,0.04647994,,
PUPA-72h_cellbin,epidermis,UQCR-14,0.23652507,0.19090891,0.045616165,,
PUPA-72h_cellbin,epidermis,CG34168,0.42112646,0.37683013,0.044296324,,
PUPA-72h_cellbin,epidermis,ATPsynbeta,0.6578591,0.6138128,0.044046283,,
PUPA-72h_cellbin,epidermis,UQCR-C2,0.300655,0.25832736,0.042327642,,
PUPA-72h_cellbin,epidermis,sesB,0.33205178,0.29016912,0.041882664,,
PUPA-72h_cellbin,epidermis,Cpr62Bb,0.2827553,0.24208568,0.040669605,,
PUPA-72h_cellbin,epidermis,Mdh2,0.29383028,0.25339973,0.040430546,,
PUPA-72h_cellbin,epidermis,mt:ATPase8,0.299747,0.2593323,0.04041469,,
PUPA-72h_cellbin,epidermis,Prm,0.22738947,0.18869478,0.038694695,,
PUPA-72h_cellbin,epidermis,Ald1,0.30246374,0.26477656,0.037687182,,
PUPA-72h_cellbin,epidermis,ATPsyngamma,0.25042537,0.21312737,0.037297994,,
PUPA-72h_cellbin,epidermis,eEF1alpha2,0.31325477,0.27762824,0.03562653,,
PUPA-72h_cellbin,epidermis,ND-AGGG,0.22353093,0.18809879,0.035432145,,
PUPA-72h_cellbin,epidermis,GstD1,0.315865,0.28137958,0.03448543,,
PUPA-72h_cellbin,epidermis,pre-rRNA:CR45856,2.0431783,2.008701,0.034477234,,
PUPA-72h_cellbin,epidermis,Gapdh1,0.28598538,0.25360778,0.0323776,,
PUPA-72h_cellbin,epidermis,CG30430,0.30692497,0.281914,0.025010973,,
PUPA-72h_cellbin,epidermis,sun,0.32251638,0.2981995,0.024316877,,
PUPA-72h_cellbin,epidermis,Osi19,0.22677872,0.20504348,0.021735236,,
PUPA-72h_cellbin,epidermis,Cpr62Bc,1.3762821,1.3567877,0.019494414,,
PUPA-72h_cellbin,epidermis,Obp44a,0.7201433,0.70080185,0.019341469,,
PUPA-72h_cellbin,epidermis,CG34172,0.63367426,0.6185017,0.015172541,,
PUPA-72h_cellbin,epidermis,pre-rRNA:CR45847,1.1844063,1.1712524,0.013153911,,
PUPA-72h_cellbin,epidermis,Cpr49Ab,0.30931926,0.30395105,0.005368203,,
PUPA-72h_cellbin,epidermis,CG17376,0.23646446,0.23256198,0.00390248,,
PUPA-72h_cellbin,epidermis,mt:ND3,0.322,0.31991032,0.0020896792,,
PUPA-72h_cellbin,epidermis,CG12998,0.475809,0.47380173,0.0020072758,,
PUPA-72h_cellbin,epidermis,Cpr76Bb,0.39277214,0.3930987,-0.00032657385,,
PUPA-72h_cellbin,epidermis,Argk,0.31749514,0.3189145,-0.0014193654,,
PUPA-72h_cellbin,epidermis,CG41128,0.22538345,0.22796622,-0.0025827736,,
PUPA-72h_cellbin,epidermis,DptA,0.7636332,0.7686872,-0.005053997,,
PUPA-72h_cellbin,epidermis,18SrRNA-Psi:CR41602,0.9563202,0.96218455,-0.005864322,,
PUPA-72h_cellbin,epidermis,28SrRNA-Psi:CR40741,0.24347867,0.25663596,-0.013157293,,
PUPA-72h_cellbin,epidermis,Mst87F,0.2629929,0.2795245,-0.016531616,,
PUPA-72h_cellbin,epidermis,fln,0.21647127,0.23357573,-0.017104462,,
PUPA-72h_cellbin,epidermis,Mst84Db,0.2704965,0.29173517,-0.021238685,,
PUPA-72h_cellbin,epidermis,Cpr92F,0.95026517,0.9750549,-0.02478975,,
PUPA-72h_cellbin,epidermis,Cpr78Cc,0.3538324,0.38126996,-0.027437568,,
PUPA-72h_cellbin,epidermis,CG34327,0.29433116,0.33138674,-0.03705558,,
PUPA-72h_cellbin,epidermis,28SrRNA-Psi:CR40596,0.8727226,0.9139334,-0.04121077,,
PUPA-72h_cellbin,epidermis,28SrRNA-Psi:CR45862,0.71207875,0.75396115,-0.041882396,,
PUPA-72h_cellbin,epidermis,28SrRNA-Psi:CR45851,0.33246335,0.38430145,-0.0518381,,
PUPA-72h_cellbin,epidermis,CG13062,0.2760153,0.3310536,-0.055038303,,
PUPA-72h_cellbin,epidermis,mt:ND1,0.88429636,0.9408077,-0.056511343,,
PUPA-72h_cellbin,epidermis,Cpr100A,0.2155672,0.27334726,-0.057780057,,
PUPA-72h_cellbin,epidermis,GstS1,0.19689652,0.25934908,-0.062452555,,
PUPA-72h_cellbin,epidermis,Act88F,0.5640574,0.6266643,-0.06260687,0.13432835820895522,0.026999099288989276
PUPA-72h_cellbin,epidermis,28SrRNA-Psi:CR45859,0.8448641,0.9226008,-0.077736735,0.9850746268656716,0.03393487310853678
PUPA-72h_cellbin,epidermis,mt:ND5,0.4230971,0.5218557,-0.09875861,0.27860696517412936,0.019818448770590566
PUPA-72h_cellbin,epidermis,mt:ND6,0.3152304,0.4290135,-0.11378309,0.845771144278607,0.01864055083553533
PUPA-72h_cellbin,epidermis,CG17777,0.20824775,0.32492614,-0.11667839,0.014925373134328358,0.0367613747832002
PUPA-72h_cellbin,epidermis,mt:lrRNA,3.2181783,3.5555847,-0.3374064,0.9850746268656716,0.04082175391180816
PUPA-72h_cellbin,somatic muscle,RpLP2,2.901546,2.2637453,0.6378007,0.004975124378109453,0.0790213286513334
PUPA-72h_cellbin,somatic muscle,RpL39,3.0503035,2.4610438,0.5892596,0.004975124378109453,0.08612358148032485
PUPA-72h_cellbin,somatic muscle,RpL41,3.3138595,2.7332072,0.58065224,0.004975124378109453,0.09080973821308308
PUPA-72h_cellbin,somatic muscle,TpnC73F,1.9364965,1.3854642,0.5510323,0.004975124378109453,0.13020179775218865
PUPA-72h_cellbin,somatic muscle,Act57B,3.216317,2.6865976,0.52971935,0.004975124378109453,0.12534275755241678
PUPA-72h_cellbin,somatic muscle,mt:CoI,3.9568942,3.4559267,0.5009675,0.01990049751243781,0.07612006797271786
PUPA-72h_cellbin,somatic muscle,RpS27,1.5194042,1.0412242,0.47817993,,
PUPA-72h_cellbin,somatic muscle,eEF1alpha1,1.9578886,1.4843484,0.4735402,,
PUPA-72h_cellbin,somatic muscle,mt:CoII,3.5719934,3.1083918,0.4636016,,
PUPA-72h_cellbin,somatic muscle,RpL27A,1.6867528,1.2374959,0.4492569,,
PUPA-72h_cellbin,somatic muscle,RpL23,1.8467451,1.4270434,0.4197017,,
PUPA-72h_cellbin,somatic muscle,RpL5,1.5268037,1.1104288,0.41637492,,
PUPA-72h_cellbin,somatic muscle,RpS20,1.5018699,1.0880009,0.41386902,,
PUPA-72h_cellbin,somatic muscle,RpL14,1.5446329,1.132069,0.41256392,,
PUPA-72h_cellbin,somatic muscle,RpS25,2.173187,1.7732263,0.39996076,,
PUPA-72h_cellbin,somatic muscle,RpS5a,1.4246645,1.026367,0.39829755,,
PUPA-72h_cellbin,somatic muscle,RpL38,1.9025981,1.5049617,0.3976364,,
PUPA-72h_cellbin,somatic muscle,RpL21,1.3832024,0.9864509,0.39675152,,
PUPA-72h_cellbin,somatic muscle,RpL9,1.457652,1.0667044,0.39094758,,
PUPA-72h_cellbin,somatic muscle,RpS12,1.5330731,1.1455903,0.38748276,,
PUPA-72h_cellbin,somatic muscle,RpL29,1.3805374,0.99712443,0.38341296,,
PUPA-72h_cellbin,somatic muscle,RpS15,1.5211505,1.1519375,0.36921299,,
PUPA-72h_cellbin,somatic muscle,RpS8,1.4450321,1.0815011,0.363531,,
PUPA-72h_cellbin,somatic muscle,RpLP1,1.7976787,1.4356436,0.36203516,,
PUPA-72h_cellbin,somatic muscle,RpS30,1.4203215,1.062562,0.35775948,,
PUPA-72h_cellbin,somatic muscle,RpS9,1.3866076,1.034968,0.35163963,,
PUPA-72h_cellbin,somatic muscle,RpS2,1.1860424,0.8361968,0.34984565,,
PUPA-72h_cellbin,somatic muscle,CG1368,0.7450016,0.3993925,0.34560913,,
PUPA-72h_cellbin,somatic muscle,lncRNA:CR34335,3.3408556,2.9953983,0.34545732,,
PUPA-72h_cellbin,somatic muscle,RpL15,1.3583981,1.0130371,0.345361,,
PUPA-72h_cellbin,somatic muscle,RpL11,1.0338191,0.6889276,0.3448915,,
PUPA-72h_cellbin,somatic muscle,RpS28b,1.4648653,1.1227051,0.34216022,,
PUPA-72h_cellbin,somatic muscle,RpS11,1.5644139,1.2269744,0.33743954,,
PUPA-72h_cellbin,somatic muscle,RpS3A,1.1896533,0.8542812,0.3353721,,
PUPA-72h_cellbin,somatic muscle,sta,1.2667261,0.93515337,0.33157277,,
PUPA-72h_cellbin,somatic muscle,Mlc2,4.914025,4.582909,0.33111572,,
PUPA-72h_cellbin,somatic muscle,RpS14a,1.1902629,0.8597785,0.3304844,,
PUPA-72h_cellbin,somatic muscle,up,3.1102319,2.7798707,0.33036113,,
PUPA-72h_cellbin,somatic muscle,Acp65Aa,2.0705838,1.7402517,0.33033216,,
PUPA-72h_cellbin,somatic muscle,RpS19a,1.2534256,0.9239653,0.32946032,,
PUPA-72h_cellbin,somatic muscle,RpL31,1.4636892,1.1348076,0.32888162,,
PUPA-72h_cellbin,somatic muscle,RpS18,1.0233923,0.6991797,0.3242126,,
PUPA-72h_cellbin,somatic muscle,RpS21,1.448664,1.1247699,0.32389402,,
PUPA-72h_cellbin,somatic muscle,eEF5,1.2680447,0.9452343,0.3228104,,
PUPA-72h_cellbin,somatic muscle,RpL36A,1.1911014,0.86836356,0.32273787,,
PUPA-72h_cellbin,somatic muscle,lncRNA:CR40469,3.5391188,3.2170992,0.32201958,,
PUPA-72h_cellbin,somatic muscle,Cpr30B,1.1365727,0.8151882,0.3213845,,
PUPA-72h_cellbin,somatic muscle,RpS17,1.2674118,0.9476349,0.31977695,,
PUPA-72h_cellbin,somatic muscle,RpL10,1.3906494,1.0711064,0.319543,,
PUPA-72h_cellbin,somatic muscle,RpL18A,1.3668292,1.0511981,0.31563103,,
PUPA-72h_cellbin,somatic muscle,RpS4,1.3470085,1.0314903,0.31551814,,
PUPA-72h_cellbin,somatic muscle,RpS27A,1.318458,1.0074377,0.31102026,,
PUPA-72h_cellbin,somatic muscle,CG4962,0.9474146,0.6373439,0.3100707,,
PUPA-72h_cellbin,somatic muscle,CG13231,0.9525551,0.6427941,0.30976105,,
PUPA-72h_cellbin,somatic muscle,RpL24,0.9914164,0.68360573,0.30781066,,
PUPA-72h_cellbin,somatic muscle,RpL13A,1.3434738,1.0370089,0.3064649,,
PUPA-72h_cellbin,somatic muscle,RpL22,1.0718843,0.7714381,0.30044615,,
PUPA-72h_cellbin,somatic muscle,RpL7,1.125565,0.8256618,0.29990327,,
PUPA-72h_cellbin,somatic muscle,RpS10b,0.9504755,0.6509086,0.29956692,,
PUPA-72h_cellbin,somatic muscle,RpL37a,1.4910759,1.1919926,0.29908323,,
PUPA-72h_cellbin,somatic muscle,wupA,2.3130953,2.0188956,0.2941997,,
PUPA-72h_cellbin,somatic muscle,CG13042,1.699928,1.4094621,0.29046595,,
PUPA-72h_cellbin,somatic muscle,RpL8,1.0171129,0.72921115,0.2879017,,
PUPA-72h_cellbin,somatic muscle,RpL36,1.3545858,1.0678701,0.28671563,,
PUPA-72h_cellbin,somatic muscle,RpL18,1.0997323,0.81408006,0.28565222,,
PUPA-72h_cellbin,somatic muscle,CG13376,0.56931156,0.28366444,0.28564712,,
PUPA-72h_cellbin,somatic muscle,RpL40,1.3088295,1.0276933,0.28113627,,
PUPA-72h_cellbin,somatic muscle,ND-MLRQ,1.3675604,1.0940297,0.27353072,,
PUPA-72h_cellbin,somatic muscle,CG34461,1.8115302,1.5388527,0.27267754,,
PUPA-72h_cellbin,somatic muscle,RpS3,1.0651139,0.79469866,0.27041525,,
PUPA-72h_cellbin,somatic muscle,COX8,1.2707384,1.0040652,0.2666732,,
PUPA-72h_cellbin,somatic muscle,RpS23,1.0425378,0.77601814,0.26651967,,
PUPA-72h_cellbin,somatic muscle,Neb-cGP,1.146145,0.87972164,0.26642334,,
PUPA-72h_cellbin,somatic muscle,Mlp60A,3.8009424,3.536523,0.26441932,,
PUPA-72h_cellbin,somatic muscle,Uhg7,0.93952024,0.675927,0.26359326,,
PUPA-72h_cellbin,somatic muscle,RpS26,1.2480589,0.98473495,0.26332396,,
PUPA-72h_cellbin,somatic muscle,CG2150,1.1937417,0.93354535,0.26019633,,
PUPA-72h_cellbin,somatic muscle,RpS29,1.4022602,1.1422974,0.2599628,,
PUPA-72h_cellbin,somatic muscle,RpS7,1.1452503,0.8853153,0.25993502,,
PUPA-72h_cellbin,somatic muscle,RpL23A,1.0433339,0.78547037,0.25786352,,
PUPA-72h_cellbin,somatic muscle,RpL37A,0.9558299,0.6992715,0.25655842,,
PUPA-72h_cellbin,somatic muscle,RpL27,0.9398271,0.6855644,0.2542627,,
PUPA-72h_cellbin,somatic muscle,TwdlT,1.642202,1.3898258,0.2523762,,
PUPA-72h_cellbin,somatic muscle,RpL26,0.9219288,0.67049414,0.25143468,,
PUPA-72h_cellbin,somatic muscle,RpS16,0.83103234,0.5821386,0.24889374,,
PUPA-72h_cellbin,somatic muscle,mt:CoIII,3.0393562,2.7915816,0.2477746,,
PUPA-72h_cellbin,somatic muscle,alphaTub84B,1.796297,1.5487518,0.24754512,,
PUPA-72h_cellbin,somatic muscle,RpL17,0.92220867,0.6750082,0.24720049,,
PUPA-72h_cellbin,somatic muscle,RpL32,1.2379344,0.99083984,0.24709451,,
PUPA-72h_cellbin,somatic muscle,levy,0.96324116,0.7162929,0.24694824,,
PUPA-72h_cellbin,somatic muscle,RpS15Aa,0.84002316,0.5943208,0.24570239,,
PUPA-72h_cellbin,somatic muscle,mt:ATPase6,4.540587,4.295381,0.24520588,,
PUPA-72h_cellbin,somatic muscle,RpL12,1.4153833,1.175449,0.23993433,,
PUPA-72h_cellbin,somatic muscle,Tctp,0.7564657,0.51775426,0.23871142,,
PUPA-72h_cellbin,somatic muscle,Col4a1,0.57788545,0.33972535,0.2381601,,
PUPA-72h_cellbin,somatic muscle,Jupiter,0.5662263,0.33023155,0.23599476,,
PUPA-72h_cellbin,somatic muscle,RpL19,1.117507,0.88469416,0.23281282,,
PUPA-72h_cellbin,somatic muscle,Mhc,2.5616183,2.3295965,0.23202181,,
PUPA-72h_cellbin,somatic muscle,CG5177,1.252496,1.0220418,0.2304542,,
PUPA-72h_cellbin,somatic muscle,CG7630,0.9801635,0.75038874,0.22977477,,
PUPA-72h_cellbin,somatic muscle,RpL30,1.0764866,0.84773695,0.22874963,,
PUPA-72h_cellbin,somatic muscle,Nacalpha,0.6978128,0.47056153,0.22725126,,
PUPA-72h_cellbin,somatic muscle,RpLP0,0.9293695,0.7028199,0.22654963,,
PUPA-72h_cellbin,somatic muscle,ATPsynbeta,1.2881308,1.062219,0.22591174,,
PUPA-72h_cellbin,somatic muscle,RpL4,0.6043025,0.37858996,0.22571257,,
PUPA-72h_cellbin,somatic muscle,RpS13,1.0434242,0.81916946,0.22425479,,
PUPA-72h_cellbin,somatic muscle,Cpr64Ac,0.78749794,0.56356233,0.2239356,,
PUPA-72h_cellbin,somatic muscle,RpL7A,0.7883964,0.5650477,0.22334874,,
PUPA-72h_cellbin,somatic muscle,RpL35,1.0039371,0.78191257,0.22202456,,
PUPA-72h_cellbin,somatic muscle,Cpr49Ah,0.7161458,0.49812,0.2180258,,
PUPA-72h_cellbin,somatic muscle,RpL6,0.8483679,0.6314245,0.21694344,,
PUPA-72h_cellbin,somatic muscle,Rack1,0.64542586,0.43008718,0.21533868,,
PUPA-72h_cellbin,somatic muscle,RpL10Ab,1.0205811,0.8082812,0.21229994,,
PUPA-72h_cellbin,somatic muscle,RpL13,0.7417832,0.530095,0.21168822,,
PUPA-72h_cellbin,somatic muscle,RpS24,0.7933976,0.5854217,0.20797592,,
PUPA-72h_cellbin,somatic muscle,RpS6,0.76796484,0.5602126,0.20775223,,
PUPA-72h_cellbin,somatic muscle,ATPsynC,1.9490874,1.7501357,0.19895172,,
PUPA-72h_cellbin,somatic muscle,DptA,0.712093,0.51406443,0.19802856,,
PUPA-72h_cellbin,somatic muscle,Tm2,2.3213317,2.124965,0.19636679,,
PUPA-72h_cellbin,somatic muscle,Cyp1,0.8671538,0.6745826,0.19257122,,
PUPA-72h_cellbin,somatic muscle,Vajk4,0.7844544,0.59228235,0.19217205,,
PUPA-72h_cellbin,somatic muscle,Obp99c,0.73415446,0.54265994,0.19149452,,
PUPA-72h_cellbin,somatic muscle,COX7C,1.1844525,0.99376005,0.19069248,,
PUPA-72h_cellbin,somatic muscle,Ald1,0.775166,0.5885507,0.18661529,,
PUPA-72h_cellbin,somatic muscle,RpS14b,0.65160304,0.4663965,0.18520653,,
PUPA-72h_cellbin,somatic muscle,ATPsynG,1.2024592,1.0173178,0.18514144,,
PUPA-72h_cellbin,somatic muscle,eEF2,0.6121314,0.4280028,0.18412861,,
PUPA-72h_cellbin,somatic muscle,Lsp2,0.890164,0.70711106,0.18305296,,
PUPA-72h_cellbin,somatic muscle,Cpr30F,1.0130848,0.8314661,0.18161869,,
PUPA-72h_cellbin,somatic muscle,mt:ND4,1.6692495,1.4905877,0.17866182,,
PUPA-72h_cellbin,somatic muscle,ATPsyngamma,0.5657675,0.3878626,0.17790493,,
PUPA-72h_cellbin,somatic muscle,cype,1.0272738,0.84998316,0.17729062,,
PUPA-72h_cellbin,somatic muscle,14-3-3zeta,0.78264374,0.6073078,0.17533594,,
PUPA-72h_cellbin,somatic muscle,COX5A,0.78144723,0.606171,0.17527622,,
PUPA-72h_cellbin,somatic muscle,Gapdh2,0.70654744,0.5321044,0.17444307,,
PUPA-72h_cellbin,somatic muscle,RpL28,1.024414,0.8502394,0.17417455,,
PUPA-72h_cellbin,somatic muscle,CG10527,0.5430813,0.36978754,0.17329374,,
PUPA-72h_cellbin,somatic muscle,ox,1.0288619,0.85689807,0.17196381,,
PUPA-72h_cellbin,somatic muscle,tsr,0.87564665,0.7050209,0.17062575,,
PUPA-72h_cellbin,somatic muscle,Cpr62Bc,0.74398416,0.57344997,0.1705342,,
PUPA-72h_cellbin,somatic muscle,Obp44a,0.7329537,0.563444,0.16950971,,
PUPA-72h_cellbin,somatic muscle,His4r,0.7145262,0.5456597,0.16886646,,
PUPA-72h_cellbin,somatic muscle,RpL35A,0.66455317,0.49610445,0.16844872,,
PUPA-72h_cellbin,somatic muscle,RpL34b,0.7172073,0.55031705,0.16689026,,
PUPA-72h_cellbin,somatic muscle,eEF1gamma,0.7381678,0.5745744,0.16359341,,
PUPA-72h_cellbin,somatic muscle,ATPsynB,0.6656947,0.50521535,0.16047937,,
PUPA-72h_cellbin,somatic muscle,mt:Cyt-b,2.81122,2.653457,0.157763,,
PUPA-72h_cellbin,somatic muscle,porin,1.0082754,0.8512034,0.15707201,,
PUPA-72h_cellbin,somatic muscle,UQCR-11,0.88975066,0.7328282,0.15692246,,
PUPA-72h_cellbin,somatic muscle,pAbp,0.8233092,0.67020875,0.15310043,,
PUPA-72h_cellbin,somatic muscle,CG2852,0.3685489,0.2161728,0.1523761,,
PUPA-72h_cellbin,somatic muscle,Mtk,0.7582029,0.60735995,0.15084296,,
PUPA-72h_cellbin,somatic muscle,vkg,0.3439053,0.19340335,0.15050195,,
PUPA-72h_cellbin,somatic muscle,LanA,0.3165844,0.16618665,0.15039776,,
PUPA-72h_cellbin,somatic muscle,Hsc70-4,0.7085492,0.56028575,0.14826345,,
PUPA-72h_cellbin,somatic muscle,Cp1,0.4997199,0.35214862,0.14757127,,
PUPA-72h_cellbin,somatic muscle,SdhC,0.42492282,0.27753496,0.14738786,,
PUPA-72h_cellbin,somatic muscle,awd,0.62744856,0.48635408,0.14109448,,
PUPA-72h_cellbin,somatic muscle,Obp99b,0.72089607,0.5818619,0.13903415,,
PUPA-72h_cellbin,somatic muscle,bt,0.9363986,0.7996237,0.1367749,,
PUPA-72h_cellbin,somatic muscle,Msr-110,0.48453635,0.3494351,0.13510126,,
PUPA-72h_cellbin,somatic muscle,COX7A,0.5842464,0.44952178,0.13472462,,
PUPA-72h_cellbin,somatic muscle,Drs,0.469214,0.3353778,0.13383618,,
PUPA-72h_cellbin,somatic muscle,CG34205,0.447289,0.31383967,0.13344932,,
PUPA-72h_cellbin,somatic muscle,COX6B,0.62258863,0.49076238,0.13182625,,
PUPA-72h_cellbin,somatic muscle,ATPsynCF6,0.5682221,0.4378669,0.13035521,,
PUPA-72h_cellbin,somatic muscle,ATPsynD,0.39190742,0.2632019,0.12870553,,
PUPA-72h_cellbin,somatic muscle,bic,0.43416202,0.3067984,0.12736362,,
PUPA-72h_cellbin,somatic muscle,Sirup,0.43891805,0.31214505,0.126773,,
PUPA-72h_cellbin,somatic muscle,UQCR-Q,0.90867853,0.78270006,0.12597847,,
PUPA-72h_cellbin,somatic muscle,ND-MWFE,0.6052088,0.48084468,0.12436414,,
PUPA-72h_cellbin,somatic muscle,CG15021,0.28228906,0.15813349,0.124155566,,
PUPA-72h_cellbin,somatic muscle,RpL3,0.6998905,0.57596976,0.12392074,,
PUPA-72h_cellbin,somatic muscle,COX5B,0.7711498,0.647794,0.123355806,,
PUPA-72h_cellbin,somatic muscle,CG6770,0.696738,0.5736369,0.123101115,,
PUPA-72h_cellbin,somatic muscle,Hsp83,0.35465926,0.23157427,0.12308499,,
PUPA-72h_cellbin,somatic muscle,COX4,0.6354171,0.51283115,0.12258595,,
PUPA-72h_cellbin,somatic muscle,ATPsynO,0.57241565,0.45091712,0.121498525,,
PUPA-72h_cellbin,somatic muscle,Ndg,0.33196223,0.21065158,0.12131065,,
PUPA-72h_cellbin,somatic muscle,CG17127,0.57090724,0.4507208,0.12018645,,
PUPA-72h_cellbin,somatic muscle,UQCR-C2,0.4925777,0.37452173,0.11805597,,
PUPA-72h_cellbin,somatic muscle,Mp20,0.84226274,0.7253155,0.11694723,,
PUPA-72h_cellbin,somatic muscle,Oda,0.51960987,0.4033046,0.11630526,,
PUPA-72h_cellbin,somatic muscle,Vajk2,0.64503205,0.52970433,0.115327716,,
PUPA-72h_cellbin,somatic muscle,Hsp23,0.45262092,0.33841816,0.11420277,,
PUPA-72h_cellbin,somatic muscle,Cpr51A,0.29754496,0.18396343,0.11358152,,
PUPA-72h_cellbin,somatic muscle,CNBP,0.38639942,0.27414244,0.112256974,,
PUPA-72h_cellbin,somatic muscle,Mf,1.1176195,1.0056071,0.11201239,,
PUPA-72h_cellbin,somatic muscle,SPARC,0.4404715,0.3290878,0.11138371,,
PUPA-72h_cellbin,somatic muscle,Cpr66Cb,0.2540102,0.142919,0.1110912,,
PUPA-72h_cellbin,somatic muscle,Mlc1,2.6962085,2.5853078,0.11090064,,
PUPA-72h_cellbin,somatic muscle,Vajk1,0.40660456,0.29618374,0.11042082,,
PUPA-72h_cellbin,somatic muscle,Gasp,0.5643457,0.4548319,0.10951382,,
PUPA-72h_cellbin,somatic muscle,betaTub56D,0.5125335,0.40387708,0.10865641,,
PUPA-72h_cellbin,somatic muscle,CG14515,0.3184407,0.21038926,0.10805145,,
PUPA-72h_cellbin,somatic muscle,roh,0.5789289,0.47157025,0.107358634,,
PUPA-72h_cellbin,somatic muscle,ATPsynE,0.6539804,0.5466856,0.1072948,,
PUPA-72h_cellbin,somatic muscle,GstD1,0.32156703,0.21443965,0.10712738,,
PUPA-72h_cellbin,somatic muscle,Mlp84B,0.9095577,0.80269784,0.10685986,,
PUPA-72h_cellbin,somatic muscle,Cpr49Ae,1.2856673,1.1790081,0.106659174,,
PUPA-72h_cellbin,somatic muscle,eEF1beta,0.38965973,0.28387982,0.105779916,,
PUPA-72h_cellbin,somatic muscle,ATPsynF,0.9636431,0.8601571,0.103486,,
PUPA-72h_cellbin,somatic muscle,edin,0.31638396,0.21306156,0.1033224,,
PUPA-72h_cellbin,somatic muscle,fau,0.5298143,0.42660466,0.103209645,,
PUPA-72h_cellbin,somatic muscle,eEF1alpha2,0.7126499,0.6096352,0.10301471,,
PUPA-72h_cellbin,somatic muscle,Tm1,1.6900856,1.5877125,0.10237312,,
PUPA-72h_cellbin,somatic muscle,betaTub60D,0.51461834,0.41235524,0.10226309,,
PUPA-72h_cellbin,somatic muscle,ND-B12,0.38792434,0.28623742,0.101686925,,
PUPA-72h_cellbin,somatic muscle,Act5C,0.35770237,0.25671822,0.100984156,,
PUPA-72h_cellbin,somatic muscle,CG13551,0.40986514,0.3091817,0.10068345,,
PUPA-72h_cellbin,somatic muscle,fax,0.2785156,0.17925897,0.099256635,,
PUPA-72h_cellbin,somatic muscle,CG44245,0.54212856,0.44383678,0.098291785,,
PUPA-72h_cellbin,somatic muscle,CG3513,0.75971484,0.661504,0.09821087,,
PUPA-72h_cellbin,somatic muscle,Fkbp12,0.27544308,0.17746018,0.0979829,,
PUPA-72h_cellbin,somatic muscle,Vajk3,0.5155251,0.4204256,0.09509951,,
PUPA-72h_cellbin,somatic muscle,CG41128,0.4342736,0.3397888,0.094484806,,
PUPA-72h_cellbin,somatic muscle,Cpr49Aa,0.8701393,0.77674246,0.09339684,,
PUPA-72h_cellbin,somatic muscle,CG14207,0.7007772,0.60752505,0.09325212,,
PUPA-72h_cellbin,somatic muscle,yps,0.3418332,0.25459945,0.08723375,,
PUPA-72h_cellbin,somatic muscle,CG45076,0.39271316,0.30561334,0.08709982,,
PUPA-72h_cellbin,somatic muscle,SclA,0.4060398,0.31964037,0.086399436,,
PUPA-72h_cellbin,somatic muscle,CG13364,0.4017277,0.31612664,0.08560106,,
PUPA-72h_cellbin,somatic muscle,ND-PDSW,0.35229585,0.26677662,0.085519224,,
PUPA-72h_cellbin,somatic muscle,CG31997,0.4387435,0.35338244,0.08536106,,
PUPA-72h_cellbin,somatic muscle,CG2663,0.2604554,0.17511979,0.08533561,,
PUPA-72h_cellbin,somatic muscle,CG34417,0.29217803,0.20695697,0.08522107,,
PUPA-72h_cellbin,somatic muscle,ND-30,0.2537696,0.1691755,0.0845941,,
PUPA-72h_cellbin,somatic muscle,Mdh2,0.5224176,0.43837276,0.084044844,,
PUPA-72h_cellbin,somatic muscle,blw,0.70750964,0.62380534,0.08370429,,
PUPA-72h_cellbin,somatic muscle,ND-B18,0.2699696,0.18691303,0.083056584,,
PUPA-72h_cellbin,somatic muscle,CG45089,0.3895452,0.3079959,0.08154932,,
PUPA-72h_cellbin,somatic muscle,ND-AGGG,0.4056226,0.32421163,0.081410974,,
PUPA-72h_cellbin,somatic muscle,CG34168,0.43604353,0.35550484,0.08053869,,
PUPA-72h_cellbin,somatic muscle,CG11267,0.32523748,0.24478024,0.08045724,,
PUPA-72h_cellbin,somatic muscle,CG44242,0.29136103,0.2111313,0.08022973,,
PUPA-72h_cellbin,somatic muscle,Pif1A,0.395535,0.31601524,0.07951975,,
PUPA-72h_cellbin,somatic muscle,sun,0.636161,0.5571195,0.07904154,,
PUPA-72h_cellbin,somatic muscle,Rtnl1,0.28922817,0.210584,0.07864417,,
PUPA-72h_cellbin,somatic muscle,Tom7,0.2904811,0.21401687,0.07646422,,
PUPA-72h_cellbin,somatic muscle,Gapdh1,0.5019174,0.42772835,0.07418907,,
PUPA-72h_cellbin,somatic muscle,crc,0.34028554,0.266813,0.07347253,,
PUPA-72h_cellbin,somatic muscle,SkpA,0.26509753,0.19171366,0.07338387,,
PUPA-72h_cellbin,somatic muscle,Eno,0.34484696,0.2715999,0.073247075,,
PUPA-72h_cellbin,somatic muscle,EbpIII,0.26482496,0.1919868,0.07283816,,
PUPA-72h_cellbin,somatic muscle,Cpr56F,0.24556665,0.17282614,0.07274051,,
PUPA-72h_cellbin,somatic muscle,Vha13,0.24163237,0.16974325,0.07188912,,
PUPA-72h_cellbin,somatic muscle,eIF4A,0.35063693,0.2794797,0.07115722,,
PUPA-72h_cellbin,somatic muscle,eIF1,0.24362963,0.1731253,0.07050434,,
PUPA-72h_cellbin,somatic muscle,CG1674,0.2648635,0.19484732,0.070016176,,
PUPA-72h_cellbin,somatic muscle,NP15.6,0.28920928,0.21989007,0.0693192,,
PUPA-72h_cellbin,somatic muscle,CG3662,0.27891615,0.21036452,0.06855163,,
PUPA-72h_cellbin,somatic muscle,ND-B14.5B,0.36074942,0.29238153,0.0683679,,
PUPA-72h_cellbin,somatic muscle,Clect27,0.3541798,0.28594682,0.06823298,,
PUPA-72h_cellbin,somatic muscle,Lmpt,0.68811756,0.62037814,0.06773943,,
PUPA-72h_cellbin,somatic muscle,CG5214,0.2658132,0.19875087,0.06706233,,
PUPA-72h_cellbin,somatic muscle,Mst84Dc,0.2291957,0.1636433,0.0655524,,
PUPA-72h_cellbin,somatic muscle,CG34200,0.26300004,0.19875272,0.064247325,,
PUPA-72h_cellbin,somatic muscle,Zasp52,0.2577149,0.19361417,0.06410073,,
PUPA-72h_cellbin,somatic muscle,CG17376,0.25639975,0.19261609,0.06378366,,
PUPA-72h_cellbin,somatic muscle,CycG,0.24537115,0.18248345,0.0628877,,
PUPA-72h_cellbin,somatic muscle,ATPsyndelta,0.30729434,0.24479558,0.062498763,,
PUPA-72h_cellbin,somatic muscle,ND-B22,0.35120228,0.28934374,0.061858535,,
PUPA-72h_cellbin,somatic muscle,fabp,0.25275663,0.19150096,0.061255664,,
PUPA-72h_cellbin,somatic muscle,Hrb27C,0.34550256,0.28542402,0.06007853,,
PUPA-72h_cellbin,somatic muscle,CG30430,0.3449526,0.28499123,0.05996138,,
PUPA-72h_cellbin,somatic muscle,Bacc,0.35986254,0.3017223,0.058140248,,
PUPA-72h_cellbin,somatic muscle,UQCR-C1,0.25501943,0.19732866,0.05769077,,
PUPA-72h_cellbin,somatic muscle,sesB,0.66471076,0.60730153,0.057409227,,
PUPA-72h_cellbin,somatic muscle,Cpr92F,0.73274875,0.67535526,0.05739349,,
PUPA-72h_cellbin,somatic muscle,coro,0.26723358,0.20987843,0.05735515,,
PUPA-72h_cellbin,somatic muscle,TwdlE,0.25811204,0.20161854,0.056493506,,
PUPA-72h_cellbin,somatic muscle,flr,0.2556216,0.1995151,0.056106508,,
PUPA-72h_cellbin,somatic muscle,Cyt-c1,0.34649825,0.29227722,0.054221034,,
PUPA-72h_cellbin,somatic muscle,Idh3a,0.27701145,0.22295092,0.054060534,,
PUPA-72h_cellbin,somatic muscle,ND-SGDH,0.22451012,0.1713184,0.05319172,,
PUPA-72h_cellbin,somatic muscle,Cisd2,0.2338576,0.18143931,0.05241829,,
PUPA-72h_cellbin,somatic muscle,ND-13B,0.24170458,0.18951514,0.05218944,,
PUPA-72h_cellbin,somatic muscle,ND-ACP,0.32451293,0.27352086,0.05099207,,
PUPA-72h_cellbin,somatic muscle,Fer2LCH,0.24043635,0.19045825,0.049978092,,
PUPA-72h_cellbin,somatic muscle,Mst84Db,0.27289104,0.22328018,0.049610868,,
PUPA-72h_cellbin,somatic muscle,Argk,1.464734,1.4154478,0.049286127,,
PUPA-72h_cellbin,somatic muscle,Ggamma1,0.25423706,0.20504321,0.049193844,,
PUPA-72h_cellbin,somatic muscle,QIL1,0.26984158,0.22088158,0.04896,,
PUPA-72h_cellbin,somatic muscle,Actn,0.32690835,0.27833068,0.048577666,,
PUPA-72h_cellbin,somatic muscle,jp,0.2664091,0.21964222,0.046766877,,
PUPA-72h_cellbin,somatic muscle,ND-B15,0.3048931,0.25837755,0.046515554,,
PUPA-72h_cellbin,somatic muscle,Sod1,0.24500792,0.19869529,0.04631263,,
PUPA-72h_cellbin,somatic muscle,ND-B17.2,0.26565847,0.2197577,0.045900762,,
PUPA-72h_cellbin,somatic muscle,CG7920,0.32685086,0.2810231,0.045827776,,
PUPA-72h_cellbin,somatic muscle,ND-B16.6,0.30503133,0.26033646,0.04469487,,
PUPA-72h_cellbin,somatic muscle,Scsalpha1,0.24332026,0.19867094,0.044649318,,
PUPA-72h_cellbin,somatic muscle,fln,0.22740558,0.18316893,0.044236645,,
PUPA-72h_cellbin,somatic muscle,CG12164,0.5090867,0.46690953,0.0421772,,
PUPA-72h_cellbin,somatic muscle,TpnC25D,0.49202058,0.45185304,0.04016754,,
PUPA-72h_cellbin,somatic muscle,Act88F,0.5330683,0.49371567,0.039352626,,
PUPA-72h_cellbin,somatic muscle,Fbp2,0.31302515,0.27385792,0.039167225,,
PUPA-72h_cellbin,somatic muscle,ctp,0.24138582,0.20237873,0.039007083,,
PUPA-72h_cellbin,somatic muscle,Tpi,0.33422527,0.29557198,0.038653284,,
PUPA-72h_cellbin,somatic muscle,Mst87F,0.2651591,0.22730495,0.03785415,,
PUPA-72h_cellbin,somatic muscle,lncRNA:CR42862,0.2344765,0.19681074,0.03766577,,
PUPA-72h_cellbin,somatic muscle,ND-15,0.33554733,0.29846275,0.03708458,,
PUPA-72h_cellbin,somatic muscle,CG42323,0.9223246,0.88532656,0.036998034,,
PUPA-72h_cellbin,somatic muscle,UQCR-6.4,0.70881164,0.6721034,0.036708236,,
PUPA-72h_cellbin,somatic muscle,Dro,0.20963186,0.1729565,0.036675364,,
PUPA-72h_cellbin,somatic muscle,Fbp1,0.40956375,0.37360162,0.035962135,,
PUPA-72h_cellbin,somatic muscle,Cpr76Bd,0.39197087,0.35607576,0.03589511,,
PUPA-72h_cellbin,somatic muscle,eff,0.2536427,0.21853542,0.035107285,,
PUPA-72h_cellbin,somatic muscle,SERCA,0.64156914,0.60649186,0.035077274,,
PUPA-72h_cellbin,somatic muscle,GstS1,0.2046199,0.17193425,0.032685652,,
PUPA-72h_cellbin,somatic muscle,CG12699,0.20562682,0.17320733,0.032419488,,
PUPA-72h_cellbin,somatic muscle,chic,0.37614197,0.34460458,0.031537384,,
PUPA-72h_cellbin,somatic muscle,CG43078,0.2675715,0.23810971,0.029461801,,
PUPA-72h_cellbin,somatic muscle,RFeSP,0.28709143,0.25861368,0.028477758,,
PUPA-72h_cellbin,somatic muscle,kdn,0.20577009,0.17737287,0.028397217,,
PUPA-72h_cellbin,somatic muscle,ND-B14.5A,0.23045711,0.20214184,0.028315276,,
PUPA-72h_cellbin,somatic muscle,UQCR-14,0.41350222,0.38583308,0.027669132,,
PUPA-72h_cellbin,somatic muscle,CG9034,0.3404947,0.31373072,0.026763976,,
PUPA-72h_cellbin,somatic muscle,28SrRNA-Psi:CR45851,0.35546997,0.3348653,0.02060467,,
PUPA-72h_cellbin,somatic muscle,Cpr97Eb,0.30632082,0.28670186,0.019618958,,
PUPA-72h_cellbin,somatic muscle,Syp,0.22845708,0.20948584,0.018971235,,
PUPA-72h_cellbin,somatic muscle,mt:ATPase8,0.6503808,0.631745,0.01863581,,
PUPA-72h_cellbin,somatic muscle,Cam,0.32155624,0.30293623,0.018620014,,
PUPA-72h_cellbin,somatic muscle,CG13065,0.99784136,0.98001707,0.017824292,,
PUPA-72h_cellbin,somatic muscle,cher,0.33711302,0.3225436,0.014569432,,
PUPA-72h_cellbin,somatic muscle,CG33521,0.3100406,0.29695356,0.013087034,,
PUPA-72h_cellbin,somatic muscle,TpnC47D,0.33272025,0.3196818,0.013038456,,
PUPA-72h_cellbin,somatic muscle,PMCA,0.2187131,0.20622179,0.012491316,,
PUPA-72h_cellbin,somatic muscle,mAcon1,0.24570836,0.23345989,0.012248471,,
PUPA-72h_cellbin,somatic muscle,Sap-r,0.26378548,0.25158036,0.012205124,,
PUPA-72h_cellbin,somatic muscle,Osi19,0.260609,0.25062156,0.009987444,,
PUPA-72h_cellbin,somatic muscle,Cpr47Ea,0.66874903,0.66194266,0.0068063736,,
PUPA-72h_cellbin,somatic muscle,RNASEK,0.33822572,0.33573085,0.0024948716,,
PUPA-72h_cellbin,somatic muscle,l(2)efl,0.5913756,0.59034663,0.001028955,,
PUPA-72h_cellbin,somatic muscle,CG33946,0.2741007,0.2734208,0.0006798804,,
PUPA-72h_cellbin,somatic muscle,CG13071,0.31475565,0.31593886,-0.0011832118,,
PUPA-72h_cellbin,somatic muscle,Prm,1.287276,1.2884921,-0.001216054,,
PUPA-72h_cellbin,somatic muscle,IA-2,0.2703814,0.27199337,-0.0016119778,,
PUPA-72h_cellbin,somatic muscle,mt:srRNA,0.21520853,0.21772315,-0.0025146157,,
PUPA-72h_cellbin,somatic muscle,CG46059,0.20144464,0.2043539,-0.002909258,,
PUPA-72h_cellbin,somatic muscle,sls,0.768984,0.7728765,-0.0038924813,,
PUPA-72h_cellbin,somatic muscle,ReepA,0.23318046,0.24164234,-0.008461878,,
PUPA-72h_cellbin,somatic muscle,CG34172,0.99513674,1.0036526,-0.008515835,,
PUPA-72h_cellbin,somatic muscle,mt:ND3,0.53094876,0.54091835,-0.009969592,,
PUPA-72h_cellbin,somatic muscle,ND-B14,0.21669583,0.22901405,-0.012318224,,
PUPA-72h_cellbin,somatic muscle,pre-rRNA:CR45845,0.20245771,0.21595828,-0.013500571,,
PUPA-72h_cellbin,somatic muscle,pre-rRNA:CR45847,1.492023,1.5078781,-0.015855074,,
PUPA-72h_cellbin,somatic muscle,CG9297,0.26144794,0.28001544,-0.018567502,,
PUPA-72h_cellbin,somatic muscle,28SrRNA-Psi:CR40741,0.27321732,0.29860625,-0.025388926,,
PUPA-72h_cellbin,somatic muscle,mt:tRNA:Ala-TGC,0.20906185,0.23671001,-0.027648166,,
PUPA-72h_cellbin,somatic muscle,CG43897,1.1278852,1.1570069,-0.029121637,,
PUPA-72h_cellbin,somatic muscle,mt:ND1,1.2140617,1.2467971,-0.032735348,,
PUPA-72h_cellbin,somatic muscle,CG7214,2.7027407,2.7414756,-0.038734913,,
PUPA-72h_cellbin,somatic muscle,mt:ND2,0.19488953,0.24043098,-0.04554145,,
PUPA-72h_cellbin,somatic muscle,28SrRNA-Psi:CR45859,0.9626728,1.0217478,-0.059074998,,
PUPA-72h_cellbin,somatic muscle,28SrRNA-Psi:CR45862,0.7513965,0.8112937,-0.059897244,,
PUPA-72h_cellbin,somatic muscle,Scp1,0.40495914,0.4730062,-0.06804705,,
PUPA-72h_cellbin,somatic muscle,28SrRNA-Psi:CR40596,0.9604506,1.0288469,-0.06839627,,
PUPA-72h_cellbin,somatic muscle,Act79B,0.59364074,0.6746236,-0.080982864,,
PUPA-72h_cellbin,somatic muscle,18SrRNA-Psi:CR41602,1.2796689,1.3669457,-0.08727682,,
PUPA-72h_cellbin,somatic muscle,TpnC41C,0.6254378,0.71700853,-0.091570735,,
PUPA-72h_cellbin,somatic muscle,mt:ND5,0.633449,0.72521704,-0.09176803,,
PUPA-72h_cellbin,somatic muscle,mt:lrRNA,3.4641638,3.5748572,-0.110693455,,
PUPA-72h_cellbin,somatic muscle,pre-rRNA:CR45856,2.5346062,2.6566405,-0.12203431,0.572139303482587,0.09451633992669327
PUPA-72h_cellbin,somatic muscle,CG8736,0.43557096,0.56173265,-0.1261617,0.03980099502487562,0.05009731804473491
PUPA-72h_cellbin,somatic muscle,CG18367,0.58520544,0.74997187,-0.16476643,0.01990049751243781,0.06942548456332308
PUPA-72h_cellbin,somatic muscle,mt:ND6,0.48351645,0.6505888,-0.16707236,0.19900497512437812,0.040911265814583764
PUPA-72h_cellbin,somatic muscle,Cpr64Aa,0.49524656,0.664312,-0.16906545,0.029850746268656716,0.06199574465708845
PUPA-72h_cellbin,somatic muscle,Act87E,2.9556363,3.4224534,-0.46681714,0.009950248756218905,0.15298102643538905
