gene,mean_bulge,mean_dent,lfc,p_geomnull,null_sd,interface
ATMG00030,4.059528,3.7159646,0.34356332,0.03482587064676617,0.029337727646433758,epidermis|rest
ATMG00020,4.426841,4.1139703,0.3128705,0.12935323383084577,0.03310341830882954,epidermis|rest
ATCG00270,2.3513846,2.0469763,0.3044083,0.48756218905472637,0.04156989733734765,epidermis|rest
ATCG00950,1.9693828,1.6991578,0.27022493,0.9104477611940298,0.038051738646319506,epidermis|rest
ATCG00450,1.3021239,1.0479277,0.25419617,0.2885572139303483,0.038844587807045375,epidermis|rest
ATCG00920,1.853971,1.6026874,0.25128365,0.7213930348258707,0.034926613280293076,epidermis|rest
ATCG00280,3.9542272,3.7276282,0.22659898,,,epidermis|rest
ATCG00100,1.4590222,1.2343056,0.22471654,,,epidermis|rest
ATCG00570,2.3285804,2.107664,0.22091627,,,epidermis|rest
ATCG00680,3.4227397,3.2066274,0.21611238,,,epidermis|rest
ATCG01180,2.289293,2.0775635,0.21172953,,,epidermis|rest
ATCG00140,2.1204503,1.9111093,0.20934093,,,epidermis|rest
ATCG00130,2.3368306,2.1371558,0.19967484,,,epidermis|rest
ATCG00350,2.4115012,2.2121696,0.19933152,,,epidermis|rest
ATCG00580,2.9498875,2.752147,0.19774055,,,epidermis|rest
ATCG01100,1.300907,1.1048805,0.19602656,,,epidermis|rest
ATCG00400,0.93064874,0.7348118,0.19583696,,,epidermis|rest
ATCG00480,1.7124084,1.5182817,0.19412673,,,epidermis|rest
ATCG00540,1.3354135,1.1500375,0.18537593,,,epidermis|rest
ATMG01390,3.2813358,3.0966103,0.18472552,,,epidermis|rest
ATCG00430,1.0683604,0.8954928,0.17286766,,,epidermis|rest
ATCG01210,1.9984651,1.8283534,0.17011166,,,epidermis|rest
ATCG00490,4.8032365,4.63363,0.16960669,,,epidermis|rest
ATCG00560,2.1421893,1.9751405,0.16704881,,,epidermis|rest
ATCG00120,1.6894069,1.5270869,0.16232002,,,epidermis|rest
ATCG00030,1.2259535,1.0675423,0.15841115,,,epidermis|rest
ATCG00710,1.2944981,1.1368718,0.15762627,,,epidermis|rest
ATCG00630,1.1472765,0.995669,0.15160751,,,epidermis|rest
AT1G56660,0.5731768,0.4249741,0.14820269,,,epidermis|rest
ATCG00670,1.3402545,1.1967858,0.14346874,,,epidermis|rest
AT3G41768,7.831751,7.6905003,0.14125061,,,epidermis|rest
ATCG00340,3.0061932,2.8673053,0.13888788,,,epidermis|rest
ATCG01080,0.7642983,0.6264911,0.13780719,,,epidermis|rest
AT1G58602,0.3854762,0.2519343,0.13354191,,,epidermis|rest
ATCG01060,1.0996612,0.96614856,0.13351268,,,epidermis|rest
ATCG00420,0.90693474,0.77364373,0.133291,,,epidermis|rest
AT1G56510,0.52891576,0.39582998,0.13308579,,,epidermis|rest
ATCG00550,0.82382846,0.699072,0.124756455,,,epidermis|rest
AT5G62570,0.29432505,0.17381139,0.12051366,,,epidermis|rest
ATCG00720,3.3575618,3.2370863,0.12047553,,,epidermis|rest
ATCG00790,0.7156862,0.5969121,0.118774116,,,epidermis|rest
ATCG01050,1.4941314,1.3770968,0.11703467,,,epidermis|rest
ATCG00020,6.6720524,6.5609055,0.11114693,,,epidermis|rest
ATCG00700,0.3732369,0.2706975,0.10253939,,,epidermis|rest
AT1G30360,0.44321942,0.34185022,0.1013692,,,epidermis|rest
AT1G15405,0.65492576,0.5595526,0.09537315,,,epidermis|rest
ATCG00730,2.7714646,2.6772285,0.094236135,,,epidermis|rest
ATCG01090,0.5908294,0.4980941,0.09273526,,,epidermis|rest
ATCG00810,0.3696552,0.27939838,0.09025681,,,epidermis|rest
ATCG00040,1.198607,1.1114357,0.087171316,,,epidermis|rest
AT1G70320,0.27153713,0.18483062,0.086706504,,,epidermis|rest
AT1G80840,0.50867546,0.4224772,0.08619827,,,epidermis|rest
ATCG00470,2.0717719,1.9865811,0.08519077,,,epidermis|rest
ATCG00180,0.6740182,0.5912616,0.08275658,,,epidermis|rest
AT4G19520,0.31007186,0.22746114,0.08261071,,,epidermis|rest
AT4G11280,0.6832036,0.6034755,0.07972807,,,epidermis|rest
AT2G26910,0.20946462,0.13085935,0.07860528,,,epidermis|rest
ATCG00150,0.5439378,0.46568152,0.07825628,,,epidermis|rest
AT2G01420,0.33874875,0.2652717,0.07347706,,,epidermis|rest
AT3G25690,0.5096791,0.43649355,0.07318553,,,epidermis|rest
AT4G16990,0.37089023,0.29798132,0.07290891,,,epidermis|rest
AT4G16890,0.307717,0.23632859,0.07138841,,,epidermis|rest
AT1G51500,0.2935579,0.22220656,0.07135135,,,epidermis|rest
AT3G19240,0.18106918,0.10977426,0.07129492,,,epidermis|rest
AT4G05631,0.319748,0.24908167,0.07066634,,,epidermis|rest
AT4G01950,0.28820023,0.21920505,0.06899518,,,epidermis|rest
AT2G01080,0.17221636,0.10435313,0.067863226,,,epidermis|rest
ATCG00510,0.8083705,0.7425128,0.06585765,,,epidermis|rest
ATCG00360,0.50449073,0.43955728,0.06493345,,,epidermis|rest
AT1G78070,0.22850701,0.16494292,0.06356409,,,epidermis|rest
AT5G05170,0.24042064,0.17694347,0.06347717,,,epidermis|rest
AT4G30960,0.25040135,0.18712245,0.0632789,,,epidermis|rest
ATCG00330,1.0437261,0.98046935,0.06325674,,,epidermis|rest
AT4G13940,0.39414808,0.33119667,0.062951416,,,epidermis|rest
ATCG00170,0.2707017,0.2079527,0.06274901,,,epidermis|rest
AT2G17840,0.43982485,0.3774729,0.062351942,,,epidermis|rest
AT1G01320,0.34268838,0.28143343,0.06125495,,,epidermis|rest
AT3G55430,0.39237472,0.33161438,0.06076035,,,epidermis|rest
AT4G23850,0.33633024,0.2757503,0.060579926,,,epidermis|rest
AT4G20260,0.6483963,0.587994,0.060402334,,,epidermis|rest
AT4G02920,0.26484382,0.2046135,0.060230315,,,epidermis|rest
AT1G68530,0.55922633,0.49902952,0.060196817,,,epidermis|rest
ATCG00210,0.79130536,0.73150134,0.059804022,,,epidermis|rest
AT4G01250,0.17330359,0.11386495,0.05943864,,,epidermis|rest
AT4G24570,0.71555895,0.6567682,0.058790743,,,epidermis|rest
AT5G45340,0.34162647,0.28301328,0.05861318,,,epidermis|rest
AT1G62750,0.41119552,0.3529809,0.058214605,,,epidermis|rest
AT5G40340,0.22084977,0.16275303,0.058096737,,,epidermis|rest
AT5G40450,0.6842344,0.62718886,0.05704552,,,epidermis|rest
AT5G67300,0.43542895,0.37901086,0.05641809,,,epidermis|rest
ATCG01070,0.6486331,0.5924811,0.056152046,,,epidermis|rest
ATCG01010,0.7725931,0.7164948,0.056098282,,,epidermis|rest
ATCG00800,0.53379744,0.4779021,0.05589533,,,epidermis|rest
AT1G15690,0.37932342,0.32359955,0.055723876,,,epidermis|rest
AT1G01120,0.37598568,0.3205484,0.055437297,,,epidermis|rest
AT1G01140,0.508393,0.45334506,0.05504793,,,epidermis|rest
ATCG00065,0.22003326,0.16535018,0.054683074,,,epidermis|rest
AT1G08510,0.19574134,0.14123802,0.05450332,,,epidermis|rest
AT1G73680,0.16659902,0.112255074,0.054343946,,,epidermis|rest
ATCG00690,0.5074449,0.4531396,0.054305315,,,epidermis|rest
ATMG01360,0.531433,0.4772476,0.05418539,,,epidermis|rest
ATCG00500,0.67082596,0.61671877,0.05410719,,,epidermis|rest
AT1G20960,0.15713285,0.10311759,0.054015256,,,epidermis|rest
ATCG00300,0.76231706,0.7084669,0.053850174,,,epidermis|rest
AT5G45110,0.18222661,0.12865284,0.053573772,,,epidermis|rest
AT1G68010,0.7626402,0.7093223,0.053317904,,,epidermis|rest
ATCG00610,0.40994388,0.3576969,0.052246988,,,epidermis|rest
AT4G15530,0.1986447,0.14722198,0.051422715,,,epidermis|rest
AT4G29780,0.64321154,0.5919248,0.051286757,,,epidermis|rest
AT1G78280,0.20874797,0.1575471,0.051200867,,,epidermis|rest
AT1G22930,0.429166,0.3781301,0.05103588,,,epidermis|rest
AT2G01020,0.26623484,0.21540146,0.05083339,,,epidermis|rest
AT1G21580,0.14784917,0.09722242,0.050626755,,,epidermis|rest
AT1G29670,0.44572118,0.39517403,0.050547153,,,epidermis|rest
AT1G76180,1.0711975,1.0208964,0.050301075,,,epidermis|rest
AT3G15210,0.2979431,0.24793382,0.050009266,,,epidermis|rest
AT5G01710,0.17442657,0.12468562,0.049740948,,,epidermis|rest
AT3G17800,0.443705,0.39565158,0.048053414,,,epidermis|rest
AT4G13340,0.3519479,0.3044857,0.047462195,,,epidermis|rest
AT4G23180,0.2672707,0.21988422,0.047386497,,,epidermis|rest
AT4G29900,0.3214092,0.27410093,0.047308266,,,epidermis|rest
AT4G29670,0.276008,0.22926122,0.04674679,,,epidermis|rest
AT3G26070,0.18465123,0.1382229,0.046428323,,,epidermis|rest
AT4G33220,0.14789477,0.1015735,0.046321273,,,epidermis|rest
AT1G22530,0.26185387,0.21655701,0.045296863,,,epidermis|rest
ATCG01130,0.40124297,0.35596,0.04528296,,,epidermis|rest
AT1G58290,0.43358573,0.388468,0.045117736,,,epidermis|rest
AT5G13630,0.75261664,0.7080226,0.04459405,,,epidermis|rest
ATCG00640,0.56674916,0.5223342,0.044414937,,,epidermis|rest
AT1G53210,0.44454253,0.40013373,0.0444088,,,epidermis|rest
AT5G58720,0.18223639,0.1381752,0.044061184,,,epidermis|rest
AT2G01490,0.22677872,0.18292597,0.043852746,,,epidermis|rest
AT5G27350,0.2775204,0.2337899,0.043730482,,,epidermis|rest
AT3G55980,0.99204004,0.94842356,0.043616474,,,epidermis|rest
AT4G38550,0.24703799,0.20374809,0.0432899,,,epidermis|rest
AT5G41790,0.31398416,0.27091977,0.043064386,,,epidermis|rest
AT4G33010,0.92464757,0.88162714,0.043020427,,,epidermis|rest
AT3G50370,0.14014244,0.097251445,0.042890996,,,epidermis|rest
AT3G59060,0.3155576,0.27279836,0.04275924,,,epidermis|rest
AT1G07135,0.5176274,0.4749192,0.042708218,,,epidermis|rest
AT2G34510,0.24374066,0.20103492,0.042705745,,,epidermis|rest
AT1G51805,0.4105575,0.36844274,0.042114764,,,epidermis|rest
ATCG00660,0.20623994,0.1642181,0.04202184,,,epidermis|rest
AT3G45970,0.2927256,0.25081787,0.041907728,,,epidermis|rest
AT1G75380,0.6675042,0.6259289,0.041575313,,,epidermis|rest
AT1G11310,0.22052449,0.1791617,0.041362792,,,epidermis|rest
AT5G62000,0.41735813,0.37613532,0.04122281,,,epidermis|rest
ATCG00750,0.19111687,0.1500045,0.041112363,,,epidermis|rest
AT2G27080,0.2503428,0.20936117,0.04098162,,,epidermis|rest
AT3G52800,0.5317225,0.49173188,0.039990604,,,epidermis|rest
AT1G17220,0.2575077,0.21766481,0.039842904,,,epidermis|rest
AT1G66970,0.18716858,0.14780957,0.03935902,,,epidermis|rest
AT1G48300,0.8556021,0.8162885,0.039313614,,,epidermis|rest
AT5G62520,0.2738452,0.23467277,0.039172426,,,epidermis|rest
ATCG00440,1.4365629,1.3977231,0.038839817,,,epidermis|rest
AT2G01010,4.314021,4.275302,0.038719177,,,epidermis|rest
AT4G35800,0.17321043,0.1344944,0.038716033,,,epidermis|rest
AT2G22500,0.15730248,0.118627675,0.03867481,,,epidermis|rest
AT3G57330,0.17337644,0.1351433,0.038233146,,,epidermis|rest
ATMG00090,0.24163991,0.20346184,0.03817807,,,epidermis|rest
AT5G45430,0.21079345,0.17269169,0.038101763,,,epidermis|rest
ATCG01110,0.24506962,0.20754738,0.03752224,,,epidermis|rest
AT4G17330,0.15324137,0.11573751,0.037503853,,,epidermis|rest
AT2G30020,0.50187224,0.46438012,0.037492126,,,epidermis|rest
AT5G20280,0.14569418,0.10820276,0.03749142,,,epidermis|rest
ATCG00650,0.33358732,0.2962311,0.037356228,,,epidermis|rest
AT3G08530,0.17703582,0.14058521,0.03645061,,,epidermis|rest
AT4G27500,0.21707635,0.18064669,0.03642966,,,epidermis|rest
AT4G23810,0.24727137,0.21107495,0.036196426,,,epidermis|rest
AT2G30930,0.36490852,0.32938904,0.03551948,,,epidermis|rest
ATCG00520,0.6117197,0.5764946,0.035225153,,,epidermis|rest
AT3G07360,0.16864145,0.13380697,0.034834474,,,epidermis|rest
AT3G14100,0.21319309,0.17839871,0.034794375,,,epidermis|rest
AT3G59350,0.18778229,0.1530564,0.03472589,,,epidermis|rest
AT1G66260,0.14879125,0.114164,0.03462725,,,epidermis|rest
AT3G61260,0.46055132,0.42614803,0.034403294,,,epidermis|rest
AT3G63540,0.15816759,0.123816736,0.03435085,,,epidermis|rest
AT1G69840,0.29341915,0.25920153,0.034217626,,,epidermis|rest
AT1G31540,0.17197217,0.13775492,0.034217253,,,epidermis|rest
AT4G28080,0.30204156,0.2681872,0.033854365,,,epidermis|rest
AT1G59910,0.14920403,0.11544582,0.03375821,,,epidermis|rest
AT4G17090,0.4364007,0.40276894,0.03363177,,,epidermis|rest
ATMG00060,0.15277681,0.11916553,0.033611275,,,epidermis|rest
AT2G28290,0.17457937,0.14132851,0.033250853,,,epidermis|rest
AT1G63770,0.23833881,0.20529993,0.033038884,,,epidermis|rest
AT1G20020,0.7358366,0.70283246,0.033004165,,,epidermis|rest
AT3G11130,0.18119432,0.14830731,0.03288701,,,epidermis|rest
AT3G21250,0.1568918,0.12409461,0.03279718,,,epidermis|rest
AT5G57350,0.21551235,0.18300906,0.032503292,,,epidermis|rest
AT4G30600,0.2309069,0.1988018,0.032105103,,,epidermis|rest
AT5G26742,0.29088134,0.25884423,0.03203711,,,epidermis|rest
AT1G10760,0.31669945,0.28477886,0.031920582,,,epidermis|rest
AT5G40890,0.37714392,0.34528127,0.031862646,,,epidermis|rest
AT4G18010,0.17507984,0.1434246,0.031655237,,,epidermis|rest
AT1G19380,0.1468307,0.115200415,0.031630278,,,epidermis|rest
ATCG00250,0.15183416,0.12046273,0.03137143,,,epidermis|rest
AT2G16660,0.17079587,0.1396879,0.031107977,,,epidermis|rest
AT1G13210,0.15946972,0.12840818,0.031061545,,,epidermis|rest
AT3G02840,0.17631583,0.14546409,0.030851737,,,epidermis|rest
AT2G36850,0.14937322,0.118558,0.030815221,,,epidermis|rest
AT2G35930,0.22342728,0.1928193,0.030607983,,,epidermis|rest
AT2G32690,0.23251066,0.20190603,0.03060463,,,epidermis|rest
AT2G32160,0.18296853,0.15257102,0.030397505,,,epidermis|rest
AT1G67920,0.18012017,0.14978309,0.03033708,,,epidermis|rest
AT1G56200,0.17345993,0.14335822,0.030101717,,,epidermis|rest
AT5G06600,0.13590121,0.10582826,0.03007295,,,epidermis|rest
AT1G30400,0.15450904,0.12459104,0.029918,,,epidermis|rest
AT2G24420,0.17142999,0.14153281,0.029897183,,,epidermis|rest
AT4G38552,0.14796056,0.11815641,0.029804148,,,epidermis|rest
AT1G21920,0.17927402,0.14949019,0.02978383,,,epidermis|rest
AT1G18210,0.271369,0.24162225,0.029746756,,,epidermis|rest
AT5G49720,0.22969528,0.19997674,0.029718533,,,epidermis|rest
AT2G31960,0.14588858,0.1161733,0.029715285,,,epidermis|rest
AT5G42050,0.51530766,0.48563758,0.02967009,,,epidermis|rest
AT1G70520,0.16117063,0.13150877,0.029661864,,,epidermis|rest
AT1G63880,0.22643869,0.19679523,0.029643461,,,epidermis|rest
AT5G46490,0.13611186,0.10685164,0.029260218,,,epidermis|rest
AT1G36160,0.1448554,0.11560311,0.029252283,,,epidermis|rest
AT5G59420,0.12956135,0.10034038,0.029220968,,,epidermis|rest
ATCG00770,0.22252655,0.19332668,0.029199868,,,epidermis|rest
AT2G45980,0.13855967,0.10947914,0.029080532,,,epidermis|rest
AT4G35830,0.22957051,0.20059362,0.028976887,,,epidermis|rest
AT2G31400,0.14432405,0.115404375,0.028919674,,,epidermis|rest
AT2G22430,0.16810468,0.13949886,0.028605819,,,epidermis|rest
AT1G72150,1.192086,1.16351,0.028576016,,,epidermis|rest
AT3G01290,0.31730992,0.28880554,0.028504372,,,epidermis|rest
AT5G64850,0.14524688,0.11688996,0.028356917,,,epidermis|rest
ATCG00780,0.21858224,0.19031996,0.028262287,,,epidermis|rest
AT4G39080,0.17934164,0.15109581,0.028245836,,,epidermis|rest
AT3G16370,0.31768486,0.2895433,0.028141558,,,epidermis|rest
AT2G35290,0.19952857,0.1715542,0.027974382,,,epidermis|rest
AT3G06510,0.15763016,0.12971713,0.027913034,,,epidermis|rest
AT1G69760,0.15335047,0.12553294,0.027817532,,,epidermis|rest
AT5G02020,0.3111188,0.28338143,0.02773738,,,epidermis|rest
AT3G57530,0.30282447,0.2753234,0.027501076,,,epidermis|rest
AT2G31141,0.19916481,0.17166889,0.02749592,,,epidermis|rest
AT3G59540,0.17449939,0.14713076,0.027368635,,,epidermis|rest
AT1G57720,0.18986836,0.16252834,0.027340025,,,epidermis|rest
AT3G26180,0.13951671,0.11223906,0.027277648,,,epidermis|rest
AT4G08920,0.29443556,0.26778603,0.026649535,,,epidermis|rest
ATMG00160,0.18921426,0.16269083,0.026523426,,,epidermis|rest
AT3G45780,0.29801875,0.2715455,0.026473254,,,epidermis|rest
AT1G20440,0.8493524,0.8229188,0.026433647,,,epidermis|rest
AT5G53460,0.30213362,0.2757878,0.02634582,,,epidermis|rest
AT1G75500,0.16657197,0.14032377,0.026248202,,,epidermis|rest
AT3G06500,0.164181,0.13794488,0.026236117,,,epidermis|rest
AT1G25440,0.25824654,0.2320193,0.026227236,,,epidermis|rest
AT3G61580,0.1816222,0.15553743,0.02608478,,,epidermis|rest
AT4G16950,0.2572347,0.23122098,0.026013717,,,epidermis|rest
AT3G13460,0.3038503,0.27814254,0.025707752,,,epidermis|rest
AT4G17140,0.15444288,0.12881799,0.025624886,,,epidermis|rest
AT4G15760,0.4010268,0.37550458,0.025522202,,,epidermis|rest
AT4G21570,0.19359303,0.1680993,0.025493726,,,epidermis|rest
AT1G48090,0.21223047,0.18702127,0.025209203,,,epidermis|rest
AT5G47910,0.1524799,0.1272829,0.025197,,,epidermis|rest
AT4G09010,0.13787271,0.112696305,0.025176406,,,epidermis|rest
AT4G15545,0.30567008,0.28049576,0.02517432,,,epidermis|rest
AT5G59730,0.23953973,0.21439818,0.025141552,,,epidermis|rest
AT4G02480,0.19860205,0.17346594,0.025136113,,,epidermis|rest
AT4G37980,0.14477395,0.119762085,0.02501186,,,epidermis|rest
AT1G06410,0.18143688,0.15648627,0.024950609,,,epidermis|rest
AT1G80070,0.19744268,0.17254387,0.024898812,,,epidermis|rest
AT1G80130,0.13531815,0.11044389,0.024874255,,,epidermis|rest
AT1G33050,0.14379713,0.119197935,0.024599195,,,epidermis|rest
AT3G46620,0.24876906,0.22419448,0.024574578,,,epidermis|rest
AT3G21670,0.1491903,0.124721475,0.024468832,,,epidermis|rest
AT5G60910,0.14403735,0.11963488,0.02440247,,,epidermis|rest
AT5G16110,0.30557397,0.2816315,0.02394247,,,epidermis|rest
AT1G68560,0.15775543,0.13382734,0.02392809,,,epidermis|rest
AT4G02970,0.25138652,0.22758628,0.023800239,,,epidermis|rest
AT1G70290,0.46700552,0.4432581,0.023747414,,,epidermis|rest
ATCG00290,0.37021327,0.34658667,0.023626596,,,epidermis|rest
AT3G46530,0.17037106,0.14677167,0.023599386,,,epidermis|rest
AT2G41100,0.45762935,0.43438977,0.023239583,,,epidermis|rest
AT3G57930,0.20802347,0.18481505,0.023208424,,,epidermis|rest
AT4G01800,0.12837793,0.10532902,0.023048908,,,epidermis|rest
AT3G47800,0.12944004,0.1064514,0.02298864,,,epidermis|rest
AT1G27320,0.15567113,0.13272542,0.022945717,,,epidermis|rest
AT5G40370,0.18703826,0.16420114,0.022837117,,,epidermis|rest
AT2G42590,0.27836367,0.25582543,0.022538245,,,epidermis|rest
AT5G67480,0.17766714,0.15519018,0.022476956,,,epidermis|rest
AT2G40270,0.21795143,0.19562794,0.02232349,,,epidermis|rest
AT2G43970,0.32425886,0.30208945,0.022169411,,,epidermis|rest
AT3G03870,0.19655302,0.17464282,0.021910205,,,epidermis|rest
AT2G01440,0.1617138,0.13988298,0.021830812,,,epidermis|rest
AT4G26630,0.21863109,0.19687656,0.021754533,,,epidermis|rest
AT3G15730,0.37667415,0.35495767,0.021716475,,,epidermis|rest
AT2G26980,0.16768244,0.14600968,0.021672755,,,epidermis|rest
AT2G30870,0.18773423,0.1661479,0.021586329,,,epidermis|rest
AT2G40140,0.14552094,0.12394894,0.021572001,,,epidermis|rest
AT2G35680,0.169694,0.14813608,0.021557927,,,epidermis|rest
AT1G72710,0.14996664,0.12841558,0.021551058,,,epidermis|rest
AT1G08360,0.15963264,0.13809443,0.021538213,,,epidermis|rest
AT4G02230,0.15791568,0.1364116,0.021504074,,,epidermis|rest
AT1G21100,0.19472773,0.17329289,0.021434844,,,epidermis|rest
AT3G16860,0.16431108,0.14297913,0.021331951,,,epidermis|rest
AT2G35050,0.14834446,0.12723616,0.0211083,,,epidermis|rest
AT1G53840,0.17318481,0.15209201,0.021092802,,,epidermis|rest
ATCG00590,0.602895,0.5818076,0.021087408,,,epidermis|rest
AT5G66190,0.7629588,0.7419618,0.020997047,,,epidermis|rest
AT1G42970,0.7465062,0.7255122,0.020994008,,,epidermis|rest
AT2G01850,0.44841957,0.42747572,0.02094385,,,epidermis|rest
AT4G37260,0.23049834,0.20966013,0.020838216,,,epidermis|rest
AT5G20700,0.26328516,0.24248637,0.020798787,,,epidermis|rest
AT4G01940,0.16013286,0.1394995,0.020633355,,,epidermis|rest
AT3G10300,0.13869937,0.11813715,0.020562217,,,epidermis|rest
AT1G27950,0.15004727,0.12975554,0.02029173,,,epidermis|rest
AT3G01540,0.16190876,0.14170451,0.020204246,,,epidermis|rest
AT3G22440,0.237789,0.21762009,0.020168915,,,epidermis|rest
AT2G18960,0.5205712,0.5004896,0.02008158,,,epidermis|rest
AT1G69620,0.19389112,0.17401858,0.019872546,,,epidermis|rest
AT3G62030,0.19119388,0.17146438,0.019729495,,,epidermis|rest
AT4G34150,0.39987004,0.38014552,0.019724518,,,epidermis|rest
AT3G06700,0.15047988,0.13082348,0.019656405,,,epidermis|rest
ATCG01040,0.5794791,0.55986,0.019619107,,,epidermis|rest
AT4G14400,0.15036428,0.13079174,0.019572541,,,epidermis|rest
AT5G44190,0.13269654,0.113445446,0.019251093,,,epidermis|rest
AT3G62650,0.15669072,0.13744594,0.019244775,,,epidermis|rest
AT4G10060,0.13731106,0.118216805,0.019094251,,,epidermis|rest
AT5G54710,0.16812962,0.14909351,0.019036114,,,epidermis|rest
AT3G14210,0.22588721,0.2068564,0.01903081,,,epidermis|rest
AT2G47070,0.23709184,0.21810944,0.018982396,,,epidermis|rest
AT1G08450,0.13971055,0.12078984,0.018920705,,,epidermis|rest
AT1G04400,0.1696739,0.15079415,0.018879756,,,epidermis|rest
AT5G06530,0.330589,0.31191966,0.018669337,,,epidermis|rest
AT1G01060,0.18226543,0.16363053,0.0186349,,,epidermis|rest
AT5G25280,0.2241801,0.20571777,0.01846233,,,epidermis|rest
AT5G63190,0.23078984,0.21232775,0.018462092,,,epidermis|rest
AT4G27800,0.2784482,0.25999084,0.018457353,,,epidermis|rest
AT2G22670,0.13804987,0.11974249,0.01830738,,,epidermis|rest
AT5G54500,0.13637272,0.11820991,0.018162802,,,epidermis|rest
AT3G59940,0.300692,0.28257883,0.018113166,,,epidermis|rest
AT5G24690,0.20493364,0.18685073,0.018082917,,,epidermis|rest
AT5G54720,0.15501466,0.13715637,0.017858297,,,epidermis|rest
AT1G55860,0.17613615,0.15829295,0.017843202,,,epidermis|rest
ATCG00530,0.6867602,0.66893715,0.01782304,,,epidermis|rest
AT5G61820,0.18347216,0.16572715,0.017745003,,,epidermis|rest
AT2G23320,0.16228183,0.1446441,0.01763773,,,epidermis|rest
AT3G56190,0.16645235,0.14886856,0.017583787,,,epidermis|rest
AT5G60680,0.21249607,0.1949269,0.01756917,,,epidermis|rest
AT2G26250,0.38199404,0.3644706,0.017523438,,,epidermis|rest
AT3G49530,0.15844102,0.14136069,0.017080337,,,epidermis|rest
ATCG01170,0.14388713,0.12681589,0.017071247,,,epidermis|rest
AT4G22780,0.13396229,0.11731415,0.016648136,,,epidermis|rest
AT4G20830,0.24602516,0.22957748,0.016447678,,,epidermis|rest
AT1G12780,0.14004062,0.12362403,0.016416594,,,epidermis|rest
AT1G73600,0.16929501,0.15288587,0.016409144,,,epidermis|rest
AT3G53460,0.30965602,0.2932927,0.016363323,,,epidermis|rest
AT1G67230,0.12873903,0.11249514,0.01624389,,,epidermis|rest
AT3G09840,0.27956846,0.26339757,0.01617089,,,epidermis|rest
AT5G64260,0.17353405,0.15736505,0.016168997,,,epidermis|rest
AT5G45390,0.11923232,0.103092395,0.016139925,,,epidermis|rest
AT2G29670,0.3338001,0.3177314,0.016068697,,,epidermis|rest
AT1G33590,0.2800509,0.26401252,0.016038388,,,epidermis|rest
AT2G28630,0.35157064,0.33555758,0.016013056,,,epidermis|rest
AT5G65730,0.20321342,0.18722418,0.015989244,,,epidermis|rest
AT5G57710,0.27022734,0.25472173,0.015505612,,,epidermis|rest
AT5G58120,0.13319767,0.11774948,0.015448183,,,epidermis|rest
AT4G24280,0.14526881,0.12983668,0.015432134,,,epidermis|rest
AT2G23810,0.5233077,0.5078828,0.015424907,,,epidermis|rest
AT3G48000,0.2858599,0.27046356,0.015396357,,,epidermis|rest
AT2G43030,0.16125233,0.14587767,0.0153746605,,,epidermis|rest
AT4G24690,0.2308745,0.21563129,0.015243202,,,epidermis|rest
AT4G11570,0.22042754,0.20529382,0.015133724,,,epidermis|rest
AT1G55450,0.47536352,0.4605047,0.014858812,,,epidermis|rest
AT3G46590,0.13887085,0.12404965,0.014821202,,,epidermis|rest
AT1G76080,0.20678008,0.1920003,0.014779776,,,epidermis|rest
AT2G36320,0.1839767,0.16938311,0.014593586,,,epidermis|rest
ATCG00620,0.21626987,0.20169984,0.014570028,,,epidermis|rest
AT3G51950,0.16403913,0.149493,0.014546141,,,epidermis|rest
AT2G41090,0.15884514,0.14438666,0.0144584775,,,epidermis|rest
AT2G33150,0.27212763,0.25781643,0.014311194,,,epidermis|rest
AT5G56980,0.14031644,0.12607588,0.014240563,,,epidermis|rest
AT5G35970,0.19397229,0.17975114,0.014221147,,,epidermis|rest
AT1G22190,0.35791278,0.3437039,0.014208883,,,epidermis|rest
AT3G09980,0.13604891,0.121899694,0.014149219,,,epidermis|rest
AT2G21870,0.15303901,0.13897103,0.014067978,,,epidermis|rest
AT5G50920,1.5045164,1.4905689,0.013947487,,,epidermis|rest
AT5G66490,0.15963735,0.1458548,0.013782546,,,epidermis|rest
AT2G35260,0.27923203,0.26545474,0.013777286,,,epidermis|rest
AT1G18730,0.16528103,0.15172683,0.0135542005,,,epidermis|rest
AT5G24590,0.15111344,0.13756078,0.013552651,,,epidermis|rest
AT5G65380,0.14904642,0.13561876,0.01342766,,,epidermis|rest
AT3G24830,0.1658872,0.15246807,0.013419136,,,epidermis|rest
AT4G00360,0.21045075,0.19712135,0.013329402,,,epidermis|rest
AT1G68440,0.15054627,0.13738228,0.013163984,,,epidermis|rest
AT1G72520,0.18393567,0.17079683,0.013138846,,,epidermis|rest
AT4G19420,0.46267053,0.44957516,0.013095379,,,epidermis|rest
AT5G65430,0.19600938,0.18299714,0.013012245,,,epidermis|rest
AT1G76490,0.2924478,0.27943593,0.013011873,,,epidermis|rest
AT2G30766,0.24206263,0.22913177,0.012930855,,,epidermis|rest
AT3G04730,0.2682767,0.2555138,0.012762904,,,epidermis|rest
AT3G61190,0.14106658,0.12843543,0.012631148,,,epidermis|rest
ATMG00640,0.16480903,0.15228806,0.012520969,,,epidermis|rest
AT5G37770,0.50449723,0.49202472,0.01247251,,,epidermis|rest
AT3G22380,0.21953888,0.207087,0.012451887,,,epidermis|rest
AT1G66090,0.15813923,0.14570028,0.012438953,,,epidermis|rest
AT4G18205,0.1452933,0.13294773,0.012345567,,,epidermis|rest
AT3G56150,0.13690674,0.124572776,0.012333967,,,epidermis|rest
AT3G63520,0.2936087,0.2813102,0.012298495,,,epidermis|rest
AT1G56070,0.35328522,0.3410035,0.012281716,,,epidermis|rest
AT1G07720,0.18862411,0.17638059,0.012243524,,,epidermis|rest
AT5G47110,0.24537864,0.23352328,0.011855364,,,epidermis|rest
AT5G64310,0.2308384,0.21908411,0.011754289,,,epidermis|rest
AT2G47730,0.3003024,0.28857937,0.011723012,,,epidermis|rest
AT3G04910,0.13138112,0.11969496,0.011686161,,,epidermis|rest
AT5G21090,0.277707,0.26607388,0.011633128,,,epidermis|rest
AT2G40840,0.15637594,0.14477877,0.011597171,,,epidermis|rest
AT3G01310,0.12883663,0.117243886,0.011592746,,,epidermis|rest
AT4G33920,0.2761694,0.26458168,0.011587709,,,epidermis|rest
AT1G63090,0.17125583,0.15998176,0.01127407,,,epidermis|rest
AT5G12950,0.1538284,0.14266339,0.011165008,,,epidermis|rest
AT3G16240,0.14208001,0.13096736,0.011112645,,,epidermis|rest
AT1G54130,0.15221097,0.14118837,0.011022598,,,epidermis|rest
AT4G16720,0.13999072,0.12897453,0.01101619,,,epidermis|rest
AT1G02500,0.1987015,0.18773116,0.010970339,,,epidermis|rest
AT1G59870,0.98909074,0.9781564,0.010934353,,,epidermis|rest
AT3G27925,0.15877222,0.14792581,0.010846406,,,epidermis|rest
AT2G27530,0.14141832,0.13061051,0.010807812,,,epidermis|rest
AT3G27690,0.69213676,0.6814558,0.0106809735,,,epidermis|rest
AT4G30950,0.22367044,0.21306336,0.010607079,,,epidermis|rest
AT1G66180,0.26325384,0.25279188,0.010461956,,,epidermis|rest
AT1G70410,0.19081931,0.18064806,0.0101712495,,,epidermis|rest
AT1G65440,0.12622267,0.11632228,0.009900391,,,epidermis|rest
AT1G18300,0.7203805,0.71062255,0.009757936,,,epidermis|rest
AT2G30250,0.13171357,0.12203539,0.009678178,,,epidermis|rest
AT1G50320,0.19165565,0.18203771,0.00961794,,,epidermis|rest
AT5G03880,0.2467744,0.23727202,0.009502381,,,epidermis|rest
AT1G05850,0.25837603,0.24899705,0.009378985,,,epidermis|rest
AT2G20670,0.32280242,0.31352052,0.0092819035,,,epidermis|rest
AT3G54660,0.11469269,0.10542071,0.009271979,,,epidermis|rest
AT1G79380,0.13732308,0.12820096,0.009122118,,,epidermis|rest
AT3G10720,0.13285477,0.12377858,0.009076193,,,epidermis|rest
AT5G51190,0.13846546,0.12939267,0.0090727955,,,epidermis|rest
AT4G31550,0.16424243,0.1552059,0.009036526,,,epidermis|rest
AT3G02260,0.31326276,0.30423853,0.009024233,,,epidermis|rest
AT1G23490,0.19400978,0.18506464,0.008945137,,,epidermis|rest
AT2G25490,0.18465762,0.17572814,0.008929476,,,epidermis|rest
AT1G20510,0.1378352,0.12891823,0.008916974,,,epidermis|rest
AT3G13920,0.2634291,0.25453392,0.008895189,,,epidermis|rest
AT5G23240,0.16166787,0.1528274,0.0088404715,,,epidermis|rest
AT3G45640,0.22040519,0.21158174,0.008823454,,,epidermis|rest
AT4G35450,0.27359998,0.26481295,0.008787036,,,epidermis|rest
AT5G42390,0.158538,0.1497896,0.008748397,,,epidermis|rest
AT5G57655,0.32309332,0.31441122,0.008682102,,,epidermis|rest
AT5G41740,0.119377896,0.11070643,0.008671463,,,epidermis|rest
AT3G19680,0.34720746,0.33853874,0.008668721,,,epidermis|rest
AT1G22300,0.134515,0.1259468,0.0085681975,,,epidermis|rest
AT4G02380,0.15777346,0.14921226,0.008561209,,,epidermis|rest
AT5G23060,0.32398286,0.31553987,0.008442998,,,epidermis|rest
AT2G19480,0.1513424,0.14302136,0.008321047,,,epidermis|rest
AT3G23920,0.16209273,0.15382887,0.008263856,,,epidermis|rest
AT1G63980,0.15622485,0.14809096,0.008133888,,,epidermis|rest
AT3G14660,0.13323161,0.12512282,0.008108795,,,epidermis|rest
AT1G21000,0.24606575,0.23797482,0.008090928,,,epidermis|rest
AT5G42190,0.12825412,0.12021242,0.008041695,,,epidermis|rest
AT3G23820,0.1532925,0.14525117,0.008041337,,,epidermis|rest
ATCG00190,0.29326308,0.28531182,0.00795126,,,epidermis|rest
AT5G24530,0.20905125,0.2011146,0.0079366565,,,epidermis|rest
AT4G13530,0.1416684,0.13375165,0.0079167485,,,epidermis|rest
AT1G65960,0.3900665,0.38215634,0.007910162,,,epidermis|rest
AT4G30210,0.26362017,0.25572973,0.007890433,,,epidermis|rest
AT5G57800,0.14198041,0.13412285,0.007857561,,,epidermis|rest
AT3G58500,0.139927,0.13211483,0.007812172,,,epidermis|rest
AT4G36648,0.14462787,0.13685298,0.0077748895,,,epidermis|rest
AT1G21130,0.39240947,0.38473067,0.007678807,,,epidermis|rest
AT1G03220,0.13978148,0.13210987,0.0076716095,,,epidermis|rest
AT2G20630,0.15206838,0.14440356,0.0076648146,,,epidermis|rest
AT2G45820,0.71924216,0.7116411,0.0076010823,,,epidermis|rest
AT4G13010,0.17978604,0.1722534,0.0075326413,,,epidermis|rest
AT4G19110,0.122970924,0.115636624,0.0073342994,,,epidermis|rest
AT5G59550,0.13747253,0.13015343,0.0073190928,,,epidermis|rest
AT5G64940,0.31985894,0.31261823,0.0072407126,,,epidermis|rest
AT5G35170,0.18242887,0.17519607,0.0072328,,,epidermis|rest
AT4G37760,0.12654014,0.11932949,0.0072106495,,,epidermis|rest
ATCG00820,0.26268703,0.25551423,0.007172793,,,epidermis|rest
AT5G46020,0.22794624,0.22082962,0.007116616,,,epidermis|rest
AT4G30440,0.43975946,0.43265927,0.0071001947,,,epidermis|rest
AT5G20250,0.25410277,0.24706881,0.007033959,,,epidermis|rest
AT1G02205,0.12992881,0.12308274,0.0068460703,,,epidermis|rest
AT3G47960,0.29056796,0.2837855,0.006782472,,,epidermis|rest
AT3G17510,0.2883926,0.28164575,0.0067468584,,,epidermis|rest
AT5G58140,0.253194,0.24646132,0.0067326874,,,epidermis|rest
AT1G78850,0.39450163,0.38777384,0.006727785,,,epidermis|rest
AT4G27520,0.17957489,0.17288807,0.0066868216,,,epidermis|rest
AT4G15560,0.36643827,0.35979798,0.0066402853,,,epidermis|rest
AT3G47340,0.1444983,0.13787724,0.0066210628,,,epidermis|rest
AT1G20980,0.15051083,0.14389856,0.006612271,,,epidermis|rest
AT1G28380,0.12666216,0.120383546,0.006278619,,,epidermis|rest
AT2G38040,0.20266198,0.19644955,0.006212428,,,epidermis|rest
AT2G47110,0.13742876,0.13124985,0.0061789155,,,epidermis|rest
AT3G16770,1.0039545,0.99778074,0.0061737895,,,epidermis|rest
AT5G19590,0.18368419,0.17752941,0.0061547756,,,epidermis|rest
AT2G20960,0.15642963,0.1503064,0.00612323,,,epidermis|rest
AT5G42825,0.29312387,0.28710794,0.0060159266,,,epidermis|rest
AT2G25080,0.48178184,0.47588307,0.0058987737,,,epidermis|rest
AT1G33240,0.14771333,0.14181593,0.0058974028,,,epidermis|rest
AT4G05150,0.26574498,0.2599539,0.005791098,,,epidermis|rest
AT5G51070,0.19431217,0.18855779,0.0057543814,,,epidermis|rest
AT4G17230,0.15563941,0.14991051,0.0057289004,,,epidermis|rest
AT4G00780,0.16048151,0.15475416,0.0057273507,,,epidermis|rest
AT2G01110,0.14527403,0.13965307,0.0056209564,,,epidermis|rest
AT2G30440,0.2213483,0.2157476,0.0056007057,,,epidermis|rest
AT2G38800,0.25088486,0.24529886,0.0055859983,,,epidermis|rest
AT4G32410,0.16883959,0.16329257,0.005547017,,,epidermis|rest
AT5G46250,0.16706482,0.16163473,0.0054300874,,,epidermis|rest
AT1G12440,0.20826714,0.20286228,0.00540486,,,epidermis|rest
AT2G26190,0.2003433,0.19506958,0.0052737147,,,epidermis|rest
AT1G76810,0.14174438,0.13649477,0.0052496046,,,epidermis|rest
AT4G04340,0.22366627,0.21854733,0.0051189363,,,epidermis|rest
AT2G01670,0.34630665,0.34144044,0.0048662126,,,epidermis|rest
AT2G20890,0.21378323,0.20891722,0.004866019,,,epidermis|rest
AT4G17500,0.14959739,0.14476998,0.00482741,,,epidermis|rest
AT4G34120,0.11727704,0.1124503,0.0048267394,,,epidermis|rest
AT4G10120,0.15574615,0.15099157,0.004754573,,,epidermis|rest
ATCG00090,0.80014586,0.79551536,0.004630506,,,epidermis|rest
AT2G44230,0.13377163,0.12914623,0.004625395,,,epidermis|rest
AT1G02610,0.19266425,0.18820754,0.004456714,,,epidermis|rest
AT1G74470,0.9704491,0.96600616,0.00444293,,,epidermis|rest
AT2G38790,0.142328,0.13789685,0.0044311434,,,epidermis|rest
AT3G60245,0.15397134,0.14966522,0.0043061227,,,epidermis|rest
AT1G42550,0.20116073,0.19688705,0.004273683,,,epidermis|rest
AT2G38120,0.111729145,0.10754457,0.004184574,,,epidermis|rest
AT1G77930,0.14861953,0.14445978,0.0041597486,,,epidermis|rest
AT3G26580,0.21236724,0.20826697,0.004100263,,,epidermis|rest
AT3G52150,0.12746574,0.12341671,0.004049033,,,epidermis|rest
AT3G62010,0.12594336,0.12192352,0.0040198416,,,epidermis|rest
AT1G69740,0.14189099,0.13795917,0.0039318204,,,epidermis|rest
AT4G02890,0.15469173,0.15085797,0.0038337559,,,epidermis|rest
AT3G46000,0.17046627,0.16663554,0.003830731,,,epidermis|rest
AT1G32230,0.209485,0.20575666,0.0037283301,,,epidermis|rest
AT5G43760,0.2604078,0.25670463,0.003703177,,,epidermis|rest
AT1G09640,0.124197006,0.12050265,0.0036943555,,,epidermis|rest
AT5G55850,0.14729822,0.14377105,0.0035271645,,,epidermis|rest
AT5G67420,0.15386717,0.15035869,0.0035084784,,,epidermis|rest
AT5G14060,0.1854758,0.18200071,0.003475085,,,epidermis|rest
AT4G30470,0.13808528,0.13471022,0.0033750534,,,epidermis|rest
AT3G10520,0.13743705,0.1340939,0.00334315,,,epidermis|rest
AT1G08930,0.3603426,0.35703188,0.0033107102,,,epidermis|rest
AT3G47620,0.1227104,0.119443916,0.0032664835,,,epidermis|rest
AT1G16810,0.13226748,0.12908153,0.0031859428,,,epidermis|rest
AT3G59400,0.15013573,0.14712109,0.003014639,,,epidermis|rest
AT5G26920,0.24357398,0.24060349,0.0029704869,,,epidermis|rest
AT1G12410,0.10790061,0.105054066,0.0028465465,,,epidermis|rest
AT2G33340,0.13012716,0.12733848,0.0027886778,,,epidermis|rest
AT5G23120,0.1748162,0.17214903,0.0026671737,,,epidermis|rest
AT1G78900,0.23766144,0.23507082,0.0025906116,,,epidermis|rest
AT3G63140,0.21883763,0.2162827,0.0025549382,,,epidermis|rest
AT1G15930,0.14296958,0.14042522,0.0025443584,,,epidermis|rest
AT4G19840,0.1335664,0.1311159,0.002450496,,,epidermis|rest
AT4G36670,0.14423618,0.14183922,0.002396956,,,epidermis|rest
AT3G54810,0.33272466,0.33036134,0.0023633242,,,epidermis|rest
AT5G58950,0.1719046,0.16959278,0.0023118109,,,epidermis|rest
AT1G79600,0.120547496,0.11823752,0.002309978,,,epidermis|rest
AT5G01750,0.6865709,0.6842851,0.0022857785,,,epidermis|rest
AT1G16890,0.13397102,0.13182038,0.00215064,,,epidermis|rest
AT5G05690,0.1495851,0.14760904,0.001976058,,,epidermis|rest
AT5G24890,0.12375465,0.12178578,0.001968868,,,epidermis|rest
AT2G28910,0.36622632,0.3643277,0.0018986166,,,epidermis|rest
AT3G04640,0.4089208,0.40709072,0.0018300712,,,epidermis|rest
AT5G62300,0.14075659,0.13912426,0.0016323328,,,epidermis|rest
AT3G46970,0.22864711,0.22717604,0.0014710724,,,epidermis|rest
AT2G45660,0.3546992,0.35327664,0.0014225543,,,epidermis|rest
AT4G27130,0.17890894,0.17753127,0.001377672,,,epidermis|rest
AT4G30690,0.12938735,0.1280704,0.0013169497,,,epidermis|rest
AT3G13410,0.120919734,0.11964466,0.0012750775,,,epidermis|rest
AT5G23750,0.18354404,0.18238096,0.0011630803,,,epidermis|rest
AT2G40000,1.3547763,1.353678,0.0010982752,,,epidermis|rest
AT1G66150,0.14725189,0.14621979,0.0010320991,,,epidermis|rest
AT4G32060,0.33883733,0.33782092,0.0010164082,,,epidermis|rest
AT1G04350,0.1277976,0.12681437,0.0009832382,,,epidermis|rest
AT1G01170,0.14099193,0.14002429,0.0009676367,,,epidermis|rest
AT4G37830,0.18024482,0.17935227,0.00089254975,,,epidermis|rest
AT3G18080,0.12725799,0.12639254,0.00086544454,,,epidermis|rest
AT3G11170,0.15670803,0.15587248,0.0008355528,,,epidermis|rest
AT3G60300,0.12122751,0.1204051,0.00082241,,,epidermis|rest
AT3G46780,0.39760643,0.39685786,0.00074857473,,,epidermis|rest
AT5G47210,0.12926751,0.12852955,0.0007379651,,,epidermis|rest
AT2G01250,0.12202313,0.12130534,0.00071778893,,,epidermis|rest
AT5G17350,0.3270891,0.32637376,0.00071534514,,,epidermis|rest
AT1G72020,0.15407366,0.15353929,0.00053437054,,,epidermis|rest
AT1G13110,0.1659584,0.16552784,0.00043056905,,,epidermis|rest
AT5G02940,0.18923283,0.18884762,0.00038520992,,,epidermis|rest
AT4G38770,0.28084478,0.28048858,0.00035619736,,,epidermis|rest
AT1G67280,0.19758525,0.1973697,0.0002155602,,,epidermis|rest
AT4G33510,0.154177,0.15397787,0.00019912422,,,epidermis|rest
AT5G19120,0.16295832,0.16277367,0.00018465519,,,epidermis|rest
AT1G31130,0.11500556,0.114839606,0.00016595423,,,epidermis|rest
AT5G53300,0.8190471,0.8189435,0.00010359287,,,epidermis|rest
AT1G75690,0.15397751,0.15393722,4.029274e-05,,,epidermis|rest
AT4G09830,0.1588285,0.15879111,3.7387013e-05,,,epidermis|rest
AT1G70890,0.15342073,0.15339062,3.0115247e-05,,,epidermis|rest
AT2G22300,0.15582417,0.15583196,-7.793307e-06,,,epidermis|rest
AT3G23490,0.16982111,0.1698637,-4.258752e-05,,,epidermis|rest
AT5G05200,0.16815622,0.168282,-0.0001257807,,,epidermis|rest
AT4G23100,0.13963187,0.1398392,-0.00020733476,,,epidermis|rest
AT5G18310,0.1186289,0.11890366,-0.0002747625,,,epidermis|rest
AT5G62190,0.17357557,0.173882,-0.00030642748,,,epidermis|rest
AT3G16720,0.12941115,0.12974747,-0.0003363192,,,epidermis|rest
AT2G27720,0.1395918,0.1400839,-0.00049209595,,,epidermis|rest
AT1G16180,0.13306661,0.13360055,-0.0005339384,,,epidermis|rest
AT4G29060,0.25906652,0.25974604,-0.00067952275,,,epidermis|rest
AT2G01130,0.11190373,0.112593025,-0.0006892979,,,epidermis|rest
AT3G54360,0.13651939,0.13725808,-0.00073869526,,,epidermis|rest
AT3G01690,0.13333575,0.13410565,-0.0007698983,,,epidermis|rest
AT3G14230,0.11571157,0.11658581,-0.0008742437,,,epidermis|rest
AT5G63800,0.3475709,0.34847522,-0.00090432167,,,epidermis|rest
AT2G39460,0.1317571,0.13267285,-0.00091575086,,,epidermis|rest
AT1G74450,0.41199547,0.41294548,-0.00095000863,,,epidermis|rest
AT4G00430,0.13154328,0.1325016,-0.0009583235,,,epidermis|rest
ATCG00380,0.46029547,0.46132135,-0.0010258853,,,epidermis|rest
AT4G34720,0.13060154,0.1317277,-0.0011261553,,,epidermis|rest
AT5G67030,0.46378064,0.46499613,-0.0012154877,,,epidermis|rest
AT3G15810,0.1886254,0.18984874,-0.0012233406,,,epidermis|rest
AT3G51370,0.14167348,0.14293937,-0.0012658983,,,epidermis|rest
AT5G08760,0.2568696,0.2582257,-0.0013560951,,,epidermis|rest
AT1G62180,0.15559454,0.15697058,-0.0013760328,,,epidermis|rest
AT2G34250,0.12196374,0.123359546,-0.0013958067,,,epidermis|rest
AT3G51880,0.2264489,0.22785932,-0.0014104247,,,epidermis|rest
AT2G41640,0.23667695,0.23811667,-0.0014397204,,,epidermis|rest
AT1G19350,0.13501015,0.13646254,-0.0014523864,,,epidermis|rest
AT5G08650,0.11006371,0.11154617,-0.0014824644,,,epidermis|rest
AT4G03560,0.24621615,0.24770081,-0.0014846623,,,epidermis|rest
AT4G27450,0.28935146,0.29084522,-0.001493752,,,epidermis|rest
AT5G61600,0.17647289,0.17798701,-0.0015141219,,,epidermis|rest
AT4G14270,0.13435301,0.13588867,-0.0015356541,,,epidermis|rest
AT3G04210,0.3574127,0.3590302,-0.0016174912,,,epidermis|rest
AT2G39400,0.16089682,0.16255991,-0.0016630888,,,epidermis|rest
AT3G60750,0.6922949,0.6939599,-0.0016649961,,,epidermis|rest
AT4G20850,0.1785459,0.18024623,-0.0017003268,,,epidermis|rest
AT3G15850,0.12155565,0.12330864,-0.001752995,,,epidermis|rest
AT1G78080,0.17411777,0.17596392,-0.0018461496,,,epidermis|rest
AT2G26530,0.16432096,0.16617498,-0.0018540174,,,epidermis|rest
AT3G17390,0.31077284,0.31267506,-0.0019022226,,,epidermis|rest
AT5G11670,0.12648268,0.12858607,-0.0021033883,,,epidermis|rest
AT4G18730,0.128405,0.13056438,-0.002159372,,,epidermis|rest
AT3G61110,0.17678069,0.17895097,-0.0021702796,,,epidermis|rest
AT1G71030,0.2463917,0.24857679,-0.0021850914,,,epidermis|rest
AT2G33800,0.11288082,0.11528007,-0.0023992509,,,epidermis|rest
AT1G07920,0.23339026,0.23601513,-0.0026248693,,,epidermis|rest
AT4G18100,0.12999941,0.1326612,-0.0026617795,,,epidermis|rest
AT1G27290,0.28683484,0.2895846,-0.0027497709,,,epidermis|rest
AT5G14550,0.26572666,0.26849353,-0.0027668774,,,epidermis|rest
AT1G61890,0.3728352,0.37561345,-0.002778262,,,epidermis|rest
AT5G10760,0.16766767,0.17052104,-0.0028533638,,,epidermis|rest
AT2G42750,0.30555,0.30842242,-0.0028724074,,,epidermis|rest
AT1G19910,0.29117626,0.29407963,-0.002903372,,,epidermis|rest
AT4G37470,0.12263487,0.12557207,-0.0029371977,,,epidermis|rest
AT2G27680,0.12873237,0.13171364,-0.0029812753,,,epidermis|rest
AT4G39260,0.20733629,0.2103923,-0.0030560046,,,epidermis|rest
AT3G14990,0.12651108,0.12970933,-0.0031982511,,,epidermis|rest
AT4G24220,0.16100423,0.16424757,-0.003243342,,,epidermis|rest
AT5G19860,0.13781153,0.14107837,-0.0032668412,,,epidermis|rest
AT5G41520,0.13864186,0.14194639,-0.0033045262,,,epidermis|rest
AT1G31170,0.15467314,0.15800638,-0.0033332407,,,epidermis|rest
AT5G48620,0.18481624,0.18831225,-0.0034960061,,,epidermis|rest
AT4G11600,0.15570718,0.15922546,-0.0035182834,,,epidermis|rest
AT5G67370,0.12661636,0.13019168,-0.003575325,,,epidermis|rest
AT4G01050,0.2167082,0.2203368,-0.0036285967,,,epidermis|rest
AT2G26560,0.15068755,0.15436159,-0.0036740452,,,epidermis|rest
AT5G08530,0.12528354,0.12898844,-0.0037049055,,,epidermis|rest
AT1G43170,0.1789606,0.18274754,-0.0037869364,,,epidermis|rest
AT4G28240,0.12819625,0.13199767,-0.0038014203,,,epidermis|rest
AT5G16030,0.11541657,0.11928847,-0.0038718954,,,epidermis|rest
AT2G30620,0.13363577,0.13760903,-0.0039732605,,,epidermis|rest
AT4G24190,0.118013546,0.122006655,-0.003993109,,,epidermis|rest
AT1G07930,0.19017299,0.19417113,-0.0039981455,,,epidermis|rest
AT1G01100,0.18223238,0.18624367,-0.0040112883,,,epidermis|rest
AT1G15120,0.13173258,0.1357544,-0.0040218234,,,epidermis|rest
AT5G66210,0.12409049,0.12825671,-0.0041662157,,,epidermis|rest
AT1G02660,0.1735959,0.17786075,-0.0042648464,,,epidermis|rest
AT5G62790,0.16068359,0.1650131,-0.0043295175,,,epidermis|rest
ATCG00740,0.5059677,0.5104354,-0.0044677258,,,epidermis|rest
AT2G18020,0.13307765,0.137595,-0.0045173466,,,epidermis|rest
AT3G55610,0.19775674,0.20234169,-0.004584953,,,epidermis|rest
AT3G61060,0.27516255,0.27976295,-0.0046004057,,,epidermis|rest
AT5G17920,0.2827026,0.28737876,-0.004676163,,,epidermis|rest
AT4G28025,0.14126125,0.14594622,-0.00468497,,,epidermis|rest
AT5G02790,0.24067093,0.24542671,-0.00475578,,,epidermis|rest
AT5G53450,0.21422625,0.21903537,-0.0048091263,,,epidermis|rest
AT1G67430,0.13798836,0.14280081,-0.004812449,,,epidermis|rest
AT4G29010,0.17252144,0.17736025,-0.0048388094,,,epidermis|rest
AT5G19500,0.1487178,0.15362962,-0.00491181,,,epidermis|rest
AT3G07470,0.14931495,0.15427679,-0.0049618334,,,epidermis|rest
AT5G48412,0.19236681,0.19746709,-0.00510028,,,epidermis|rest
AT1G01620,0.11530417,0.12041192,-0.0051077455,,,epidermis|rest
AT5G53160,0.10951644,0.11463226,-0.0051158145,,,epidermis|rest
AT2G28800,0.38760716,0.39275363,-0.0051464736,,,epidermis|rest
AT5G61670,0.1220866,0.12738882,-0.0053022206,,,epidermis|rest
AT1G23390,0.25187477,0.25718153,-0.0053067505,,,epidermis|rest
AT1G32700,0.16172609,0.16709746,-0.005371377,,,epidermis|rest
AT2G31800,0.13185291,0.13722584,-0.0053729266,,,epidermis|rest
AT1G42990,0.14711487,0.15254651,-0.005431637,,,epidermis|rest
AT2G20230,0.15517443,0.160843,-0.0056685656,,,epidermis|rest
AT5G57560,1.2600257,1.2657615,-0.005735755,,,epidermis|rest
AT5G59820,0.15934211,0.16508606,-0.0057439506,,,epidermis|rest
AT5G12150,0.13331336,0.13910644,-0.0057930797,,,epidermis|rest
AT1G48598,0.1433235,0.14924277,-0.0059192777,,,epidermis|rest
AT2G38170,0.9404604,0.9464267,-0.0059663057,,,epidermis|rest
AT1G19000,0.31172207,0.31777713,-0.006055057,,,epidermis|rest
AT5G39570,0.23516157,0.24127744,-0.0061158687,,,epidermis|rest
AT4G27000,0.14766374,0.15383366,-0.006169915,,,epidermis|rest
AT5G54600,0.17272858,0.17890258,-0.006173998,,,epidermis|rest
AT1G50250,0.23588379,0.24210054,-0.0062167495,,,epidermis|rest
AT5G11770,0.1303837,0.13671765,-0.006333947,,,epidermis|rest
AT2G43160,0.1179024,0.12426454,-0.00636214,,,epidermis|rest
AT5G27850,0.13566214,0.14202563,-0.006363496,,,epidermis|rest
AT3G44110,0.14804035,0.15445186,-0.0064115077,,,epidermis|rest
AT3G09200,0.14461082,0.15106684,-0.0064560175,,,epidermis|rest
AT2G32870,0.17488895,0.18146883,-0.006579876,,,epidermis|rest
AT3G12320,0.13465574,0.14124739,-0.006591648,,,epidermis|rest
AT5G47690,0.17054495,0.17713778,-0.006592825,,,epidermis|rest
AT1G23710,0.15680796,0.16348314,-0.006675184,,,epidermis|rest
AT2G36220,0.12230522,0.12902632,-0.0067211017,,,epidermis|rest
AT4G14880,0.2774989,0.28424326,-0.006744355,,,epidermis|rest
AT1G29400,0.12355703,0.13038585,-0.0068288147,,,epidermis|rest
AT1G27730,0.8508574,0.8577296,-0.0068722367,,,epidermis|rest
AT3G52880,0.1704656,0.17747939,-0.007013783,,,epidermis|rest
AT2G14878,0.19015536,0.19717,-0.007014647,,,epidermis|rest
AT3G62420,0.24447456,0.25169885,-0.0072242916,,,epidermis|rest
AT2G25450,0.33554894,0.34279197,-0.007243037,,,epidermis|rest
AT3G54210,0.16707236,0.17438765,-0.007315293,,,epidermis|rest
AT5G60600,0.36786228,0.3753732,-0.0075109303,,,epidermis|rest
AT3G44260,0.8443371,0.8518619,-0.0075247884,,,epidermis|rest
AT3G11630,0.16361938,0.17114453,-0.007525146,,,epidermis|rest
ATCG00600,0.2318278,0.23935495,-0.0075271577,,,epidermis|rest
AT1G54500,0.11733462,0.12486548,-0.0075308606,,,epidermis|rest
AT5G43470,0.24612528,0.25370395,-0.007578671,,,epidermis|rest
AT1G61100,0.11822271,0.12587439,-0.007651672,,,epidermis|rest
AT1G11530,0.1588261,0.16647942,-0.007653326,,,epidermis|rest
AT2G26080,0.19354062,0.20119415,-0.0076535344,,,epidermis|rest
AT4G23630,0.19424246,0.20189922,-0.007656753,,,epidermis|rest
AT2G43680,0.16502063,0.17269416,-0.007673532,,,epidermis|rest
AT2G17040,0.5103532,0.518145,-0.007791817,,,epidermis|rest
AT3G55800,0.3798837,0.38768455,-0.0078008473,,,epidermis|rest
AT2G41250,0.1726216,0.18044128,-0.007819682,,,epidermis|rest
AT1G70600,0.12564544,0.13347869,-0.007833242,,,epidermis|rest
AT3G11410,0.38653624,0.39437488,-0.007838637,,,epidermis|rest
AT2G23090,0.49295133,0.5007916,-0.007840276,,,epidermis|rest
AT1G67900,0.11193235,0.11999607,-0.008063719,,,epidermis|rest
AT2G15580,0.25418335,0.26227304,-0.008089691,,,epidermis|rest
AT4G16400,0.14420788,0.15236361,-0.008155733,,,epidermis|rest
AT4G34110,0.23814127,0.24632154,-0.008180276,,,epidermis|rest
AT2G39800,0.5992263,0.60740757,-0.008181274,,,epidermis|rest
AT4G25130,0.10960279,0.11789588,-0.008293092,,,epidermis|rest
AT3G51510,0.12299778,0.13132353,-0.008325748,,,epidermis|rest
AT5G19760,0.19289416,0.20125338,-0.008359224,,,epidermis|rest
AT5G24210,0.18563047,0.19407293,-0.0084424615,,,epidermis|rest
AT1G73030,0.109279566,0.11773425,-0.008454688,,,epidermis|rest
AT1G69890,0.26903987,0.27750716,-0.008467287,,,epidermis|rest
AT3G49790,0.12138371,0.1298674,-0.008483693,,,epidermis|rest
AT2G38230,0.18443209,0.19293307,-0.008500978,,,epidermis|rest
AT1G09070,1.0597427,1.0683458,-0.008603096,,,epidermis|rest
AT1G49240,0.20026666,0.20898536,-0.008718699,,,epidermis|rest
AT4G10920,0.123758286,0.1325196,-0.008761317,,,epidermis|rest
AT2G27500,0.17244183,0.18121722,-0.008775398,,,epidermis|rest
AT1G15980,0.15452541,0.16338557,-0.008860156,,,epidermis|rest
AT4G34670,0.14864194,0.15760036,-0.008958414,,,epidermis|rest
AT4G17340,0.27077746,0.27985317,-0.009075701,,,epidermis|rest
AT2G33770,0.13790214,0.14721784,-0.009315699,,,epidermis|rest
AT1G52740,0.2283512,0.2376679,-0.009316698,,,epidermis|rest
AT5G20010,0.16399623,0.17336491,-0.009368673,,,epidermis|rest
AT1G80180,0.40652534,0.4159836,-0.009458244,,,epidermis|rest
AT5G49940,0.11126069,0.1207391,-0.009478413,,,epidermis|rest
AT1G65845,0.25271055,0.26221338,-0.009502828,,,epidermis|rest
AT1G11650,0.13328332,0.1428079,-0.009524584,,,epidermis|rest
AT5G52750,0.21775497,0.227282,-0.009527028,,,epidermis|rest
AT5G19940,0.6776203,0.6873309,-0.00971061,,,epidermis|rest
AT5G17230,0.20576909,0.2155683,-0.009799212,,,epidermis|rest
AT5G22250,0.24863228,0.2584998,-0.009867519,,,epidermis|rest
AT5G20720,0.1150843,0.124974445,-0.009890147,,,epidermis|rest
AT1G71340,0.1616941,0.171604,-0.009909898,,,epidermis|rest
AT5G59030,0.1537545,0.16368553,-0.009931028,,,epidermis|rest
AT4G25080,0.2620941,0.27205417,-0.009960055,,,epidermis|rest
AT3G58730,0.13936907,0.14933604,-0.0099669695,,,epidermis|rest
AT5G07020,0.12195787,0.13198662,-0.01002875,,,epidermis|rest
AT3G20820,0.12277287,0.1328315,-0.0100586265,,,epidermis|rest
AT3G05220,0.16002142,0.17009237,-0.01007095,,,epidermis|rest
AT5G51110,0.15055993,0.16065046,-0.01009053,,,epidermis|rest
AT5G15200,0.19532843,0.20542951,-0.01010108,,,epidermis|rest
AT2G43530,0.16414228,0.17424947,-0.010107189,,,epidermis|rest
AT5G58870,0.13897412,0.14910147,-0.010127351,,,epidermis|rest
AT2G18700,0.23781903,0.24795766,-0.010138631,,,epidermis|rest
AT5G11070,0.41265124,0.42294276,-0.010291517,,,epidermis|rest
AT1G06430,0.15372898,0.16409132,-0.010362342,,,epidermis|rest
AT1G19400,0.123703,0.13410163,-0.010398626,,,epidermis|rest
AT5G58430,0.15555494,0.16598265,-0.010427713,,,epidermis|rest
AT3G62700,0.13133572,0.14189933,-0.010563612,,,epidermis|rest
AT1G76030,0.16465393,0.1752225,-0.010568574,,,epidermis|rest
AT5G49360,0.6421173,0.6527115,-0.010594189,,,epidermis|rest
AT4G27090,0.34411865,0.35477865,-0.010659993,,,epidermis|rest
AT1G44446,0.15447631,0.16516533,-0.01068902,,,epidermis|rest
AT5G13770,0.12675904,0.13750136,-0.010742322,,,epidermis|rest
AT1G11210,0.2637542,0.27453032,-0.010776132,,,epidermis|rest
AT3G47295,0.13964662,0.15044278,-0.0107961595,,,epidermis|rest
AT3G56360,0.6621741,0.6729924,-0.010818303,,,epidermis|rest
AT4G39200,0.21796437,0.22878434,-0.010819972,,,epidermis|rest
AT1G68830,0.21657121,0.2275093,-0.010938093,,,epidermis|rest
AT4G32150,0.21608663,0.22713941,-0.011052787,,,epidermis|rest
AT5G48810,0.19585754,0.20701385,-0.011156306,,,epidermis|rest
AT5G44290,0.12722233,0.13848348,-0.01126115,,,epidermis|rest
AT2G22980,0.20114517,0.21246746,-0.01132229,,,epidermis|rest
AT2G31880,0.40552264,0.41684908,-0.011326432,,,epidermis|rest
AT1G64860,0.16489945,0.17627694,-0.011377484,,,epidermis|rest
AT1G70940,0.118780166,0.13017216,-0.011391997,,,epidermis|rest
AT1G01490,0.12733999,0.13887414,-0.011534154,,,epidermis|rest
AT5G64350,0.1943696,0.20591538,-0.011545777,,,epidermis|rest
AT1G72160,0.13568594,0.14724614,-0.011560202,,,epidermis|rest
AT1G48030,0.1363555,0.14797527,-0.011619762,,,epidermis|rest
AT1G61250,0.14611937,0.1578066,-0.011687234,,,epidermis|rest
AT4G14716,0.13221778,0.14393516,-0.011717379,,,epidermis|rest
AT2G35940,0.20209722,0.21383983,-0.011742607,,,epidermis|rest
AT3G61440,0.23400271,0.2458729,-0.0118701905,,,epidermis|rest
AT1G08980,0.14650503,0.15855646,-0.012051433,,,epidermis|rest
AT1G25550,0.2735784,0.28567392,-0.012095511,,,epidermis|rest
AT3G23170,0.15962121,0.17174317,-0.0121219605,,,epidermis|rest
AT3G51550,0.2173278,0.22945154,-0.012123734,,,epidermis|rest
AT3G27850,0.25785574,0.27013543,-0.012279689,,,epidermis|rest
AT1G22890,0.22365956,0.23594263,-0.012283072,,,epidermis|rest
AT1G22710,0.16901849,0.18139154,-0.012373045,,,epidermis|rest
AT4G01310,0.097784095,0.11026371,-0.012479618,,,epidermis|rest
AT1G74970,0.17800058,0.19056258,-0.012561992,,,epidermis|rest
AT5G43940,0.11993669,0.13250701,-0.012570322,,,epidermis|rest
AT3G06080,0.10824006,0.12082131,-0.012581252,,,epidermis|rest
AT4G09320,0.2091913,0.22177984,-0.012588531,,,epidermis|rest
AT3G17020,0.21417892,0.22682765,-0.0126487315,,,epidermis|rest
AT3G07780,0.17411466,0.186807,-0.012692347,,,epidermis|rest
AT1G06460,0.27199146,0.2846968,-0.012705326,,,epidermis|rest
AT3G63160,0.37318406,0.3859082,-0.012724131,,,epidermis|rest
AT5G60390,0.35252625,0.3653325,-0.012806267,,,epidermis|rest
AT4G00100,0.116380945,0.12935014,-0.012969196,,,epidermis|rest
AT3G02470,0.52246475,0.53543997,-0.012975216,,,epidermis|rest
AT3G14415,0.62811756,0.641201,-0.013083458,,,epidermis|rest
AT2G26355,0.14561556,0.15874794,-0.013132378,,,epidermis|rest
AT2G23120,1.1064941,1.1196958,-0.013201714,,,epidermis|rest
AT3G53870,0.117902264,0.13111262,-0.013210356,,,epidermis|rest
AT3G15190,0.12138577,0.13461548,-0.013229713,,,epidermis|rest
AT3G14067,0.20148236,0.21474096,-0.013258606,,,epidermis|rest
AT3G07460,0.11872232,0.13198812,-0.013265803,,,epidermis|rest
AT1G68670,0.19956067,0.21283962,-0.013278946,,,epidermis|rest
AT4G21960,1.179612,1.1929528,-0.013340712,,,epidermis|rest
AT4G16410,0.16472952,0.17807184,-0.013342321,,,epidermis|rest
AT3G56290,0.11754349,0.13097498,-0.0134314895,,,epidermis|rest
AT1G23740,0.16629075,0.1797264,-0.013435662,,,epidermis|rest
AT1G70160,0.17916332,0.19265969,-0.013496369,,,epidermis|rest
AT5G11500,0.1629516,0.17647251,-0.013520911,,,epidermis|rest
AT5G04590,0.13833705,0.15189523,-0.013558179,,,epidermis|rest
AT3G56910,0.25745544,0.2710429,-0.013587475,,,epidermis|rest
AT4G24520,0.14843991,0.16207436,-0.013634443,,,epidermis|rest
AT1G30230,0.35580328,0.36960512,-0.013801843,,,epidermis|rest
AT1G16240,0.13213064,0.14610407,-0.01397343,,,epidermis|rest
AT1G09770,0.13002016,0.14402725,-0.0140070915,,,epidermis|rest
AT3G18290,0.15369016,0.1677014,-0.014011234,,,epidermis|rest
AT5G19220,0.15110241,0.16515005,-0.014047638,,,epidermis|rest
AT1G13245,0.227291,0.24146116,-0.014170155,,,epidermis|rest
AT3G30390,0.27559942,0.28977093,-0.014171511,,,epidermis|rest
AT3G19930,0.14948793,0.1636681,-0.0141801685,,,epidermis|rest
AT2G41475,0.14792797,0.1621107,-0.0141827315,,,epidermis|rest
AT2G25900,0.29833975,0.3125366,-0.014196843,,,epidermis|rest
AT5G21940,0.21550423,0.22976333,-0.0142591,,,epidermis|rest
AT2G38140,0.1488003,0.16318227,-0.014381975,,,epidermis|rest
AT5G10980,0.19010681,0.20449908,-0.014392272,,,epidermis|rest
AT2G24270,0.31351537,0.32792097,-0.014405608,,,epidermis|rest
AT2G37970,0.22858348,0.24299178,-0.01440829,,,epidermis|rest
AT4G25050,0.29433942,0.3087541,-0.014414668,,,epidermis|rest
AT2G26975,0.11963308,0.13405454,-0.014421463,,,epidermis|rest
AT3G05880,0.26173368,0.27618843,-0.014454752,,,epidermis|rest
AT3G48990,0.25094157,0.2654879,-0.014546335,,,epidermis|rest
AT1G71480,0.11868546,0.13325112,-0.014565654,,,epidermis|rest
AT1G56045,0.19066906,0.20524798,-0.014578924,,,epidermis|rest
AT3G10920,0.11048409,0.12512702,-0.014642924,,,epidermis|rest
AT3G13750,1.1329399,1.1476351,-0.014695168,,,epidermis|rest
AT1G15740,0.17230316,0.1870672,-0.014764041,,,epidermis|rest
AT5G09810,0.28587136,0.30068415,-0.014812797,,,epidermis|rest
AT4G34410,0.40462866,0.41949978,-0.01487112,,,epidermis|rest
AT2G39770,0.11518715,0.13014261,-0.014955461,,,epidermis|rest
AT5G38660,0.18714325,0.20213622,-0.014992967,,,epidermis|rest
AT5G20230,0.38141596,0.3964696,-0.01505363,,,epidermis|rest
AT3G54500,0.25722608,0.27248442,-0.015258342,,,epidermis|rest
AT2G46340,0.16601774,0.18127835,-0.015260607,,,epidermis|rest
AT1G77760,0.11792517,0.13348573,-0.015560567,,,epidermis|rest
AT1G19740,0.14726363,0.16284415,-0.01558052,,,epidermis|rest
AT4G39800,0.2139988,0.22961845,-0.0156196505,,,epidermis|rest
AT5G26570,0.1468884,0.16251208,-0.015623674,,,epidermis|rest
AT5G53560,0.15148556,0.16719933,-0.015713766,,,epidermis|rest
AT1G32470,0.18574089,0.20146891,-0.015728027,,,epidermis|rest
AT5G43260,0.11458994,0.13032247,-0.015732534,,,epidermis|rest
AT5G36230,0.13038942,0.14620017,-0.015810743,,,epidermis|rest
AT3G27820,0.14285278,0.15866715,-0.015814364,,,epidermis|rest
AT3G58610,0.16978395,0.1856005,-0.015816554,,,epidermis|rest
AT4G27960,0.13208333,0.14796774,-0.015884414,,,epidermis|rest
AT1G65720,0.19639783,0.21236205,-0.015964225,,,epidermis|rest
AT1G66160,0.14844196,0.16441625,-0.015974298,,,epidermis|rest
AT1G42960,0.12070052,0.1368395,-0.01613897,,,epidermis|rest
AT3G14595,0.20995615,0.2261213,-0.016165152,,,epidermis|rest
AT3G05590,0.12844236,0.14460823,-0.016165867,,,epidermis|rest
AT1G36980,0.1542987,0.17068952,-0.01639083,,,epidermis|rest
AT3G52300,0.118719146,0.1352151,-0.016495958,,,epidermis|rest
AT1G32928,0.3039707,0.32079044,-0.016819745,,,epidermis|rest
AT1G20450,0.5574998,0.5743726,-0.016872764,,,epidermis|rest
AT5G53170,0.13344586,0.15035075,-0.01690489,,,epidermis|rest
AT4G17040,0.16971824,0.18665886,-0.016940624,,,epidermis|rest
AT2G18050,0.49464077,0.5116055,-0.016964734,,,epidermis|rest
AT4G27700,0.11509675,0.13216758,-0.01707083,,,epidermis|rest
AT4G25620,0.13030992,0.14738536,-0.017075434,,,epidermis|rest
AT3G57520,0.1635945,0.18074898,-0.017154485,,,epidermis|rest
AT1G74050,0.13155885,0.14872375,-0.0171649,,,epidermis|rest
AT4G35000,0.15548357,0.1726698,-0.017186224,,,epidermis|rest
AT3G10020,0.3227477,0.3399348,-0.017187089,,,epidermis|rest
AT1G49960,0.11102931,0.1282872,-0.017257884,,,epidermis|rest
AT5G42530,1.0981915,1.1154692,-0.017277718,,,epidermis|rest
AT1G80920,0.5349983,0.5522799,-0.017281592,,,epidermis|rest
AT2G31570,0.11894796,0.13627625,-0.017328285,,,epidermis|rest
AT5G13190,0.12999597,0.14733995,-0.017343983,,,epidermis|rest
AT4G23890,0.21585801,0.23325673,-0.017398715,,,epidermis|rest
AT1G27100,0.4691977,0.48661113,-0.017413437,,,epidermis|rest
AT1G55480,0.13900153,0.15657923,-0.017577693,,,epidermis|rest
AT1G12240,0.25900117,0.27662596,-0.017624795,,,epidermis|rest
AT2G41110,0.1431521,0.16082329,-0.017671183,,,epidermis|rest
AT3G28710,0.12164959,0.13943736,-0.01778777,,,epidermis|rest
AT2G16280,0.17430712,0.19212283,-0.01781571,,,epidermis|rest
AT5G58070,0.19183713,0.20966616,-0.01782903,,,epidermis|rest
AT1G65820,0.123818256,0.14164905,-0.017830797,,,epidermis|rest
AT2G46830,0.21647547,0.23432273,-0.017847255,,,epidermis|rest
AT1G49970,0.30617937,0.3240424,-0.017863035,,,epidermis|rest
AT4G31985,0.1585998,0.1764741,-0.0178743,,,epidermis|rest
AT2G34410,0.10529592,0.12317869,-0.017882772,,,epidermis|rest
AT3G46600,0.15272573,0.17061177,-0.017886043,,,epidermis|rest
AT1G28140,0.16112447,0.17915177,-0.018027306,,,epidermis|rest
AT5G59880,0.1855128,0.20359288,-0.018080086,,,epidermis|rest
AT1G11910,0.45527115,0.47350562,-0.018234462,,,epidermis|rest
ATCG00010,0.2667786,0.28502172,-0.018243134,,,epidermis|rest
AT2G47170,0.117122546,0.13541478,-0.018292233,,,epidermis|rest
ATCG00080,1.1012716,1.1196285,-0.01835692,,,epidermis|rest
AT1G75350,0.2269292,0.24532719,-0.018397987,,,epidermis|rest
AT1G14400,0.1428469,0.16130704,-0.01846014,,,epidermis|rest
AT5G13800,0.11157831,0.13013642,-0.018558107,,,epidermis|rest
AT1G04270,0.16372868,0.18232445,-0.01859577,,,epidermis|rest
AT2G38470,0.16219017,0.18089151,-0.018701345,,,epidermis|rest
AT3G52230,0.11426921,0.13299131,-0.018722102,,,epidermis|rest
AT5G57035,0.11336429,0.13212018,-0.01875589,,,epidermis|rest
AT2G01180,0.12924129,0.14802507,-0.018783778,,,epidermis|rest
AT4G12980,0.11990344,0.13880052,-0.018897079,,,epidermis|rest
AT2G15970,0.23105064,0.25015935,-0.019108713,,,epidermis|rest
AT1G68520,0.26836893,0.28748065,-0.019111723,,,epidermis|rest
AT2G45740,0.13053687,0.14964914,-0.019112274,,,epidermis|rest
AT2G03440,0.24515963,0.26434487,-0.019185245,,,epidermis|rest
AT2G26670,0.12396343,0.14315985,-0.01919642,,,epidermis|rest
AT4G02510,0.25430605,0.27354887,-0.019242823,,,epidermis|rest
AT1G14320,0.17883748,0.19824514,-0.01940766,,,epidermis|rest
AT1G29395,0.12028243,0.13972437,-0.019441947,,,epidermis|rest
AT5G46110,1.1029301,1.1225555,-0.019625425,,,epidermis|rest
AT5G18130,0.1153245,0.13504937,-0.019724876,,,epidermis|rest
AT5G10960,0.16191736,0.18165058,-0.01973322,,,epidermis|rest
AT1G55490,0.12196167,0.14173256,-0.01977089,,,epidermis|rest
AT1G05190,0.2450415,0.2648131,-0.01977159,,,epidermis|rest
AT1G21770,0.12128294,0.14116399,-0.019881047,,,epidermis|rest
AT2G35830,0.18518868,0.2051554,-0.019966722,,,epidermis|rest
AT2G45960,0.86105454,0.88106954,-0.020015001,,,epidermis|rest
AT1G30880,0.15063055,0.17071435,-0.0200838,,,epidermis|rest
AT4G34450,0.119507715,0.1396875,-0.020179778,,,epidermis|rest
AT2G24600,0.223298,0.24358617,-0.02028817,,,epidermis|rest
AT4G19640,0.15190965,0.17220303,-0.020293385,,,epidermis|rest
AT1G52300,0.12986562,0.15019646,-0.020330846,,,epidermis|rest
AT3G24160,0.12422623,0.14460659,-0.020380363,,,epidermis|rest
AT3G58680,0.27150425,0.2919239,-0.020419657,,,epidermis|rest
AT4G18480,0.10925167,0.12968723,-0.020435564,,,epidermis|rest
AT2G47450,0.19535905,0.21593013,-0.020571083,,,epidermis|rest
AT1G19180,0.30223337,0.32283738,-0.020604014,,,epidermis|rest
AT1G67860,0.1639733,0.1845841,-0.020610794,,,epidermis|rest
AT4G16830,0.13046424,0.1510784,-0.020614162,,,epidermis|rest
AT4G13430,0.10589116,0.1265131,-0.020621933,,,epidermis|rest
AT5G57660,0.3772142,0.39784908,-0.02063489,,,epidermis|rest
AT3G13120,0.111471176,0.13215892,-0.020687744,,,epidermis|rest
AT2G29290,0.15248396,0.17317732,-0.020693362,,,epidermis|rest
AT5G62470,0.23390667,0.25463986,-0.020733193,,,epidermis|rest
AT5G55620,0.13776566,0.15853961,-0.020773947,,,epidermis|rest
AT1G07320,0.10732201,0.12816653,-0.02084452,,,epidermis|rest
AT1G01470,0.2700171,0.2909105,-0.020893425,,,epidermis|rest
AT1G71880,0.14218281,0.16308808,-0.020905271,,,epidermis|rest
AT2G43290,0.45252633,0.47348273,-0.020956397,,,epidermis|rest
AT2G44490,0.37748426,0.39852688,-0.021042615,,,epidermis|rest
AT2G15620,0.17289864,0.19396272,-0.021064088,,,epidermis|rest
AT1G17290,0.13632117,0.15747176,-0.021150589,,,epidermis|rest
AT5G64840,0.4191004,0.44033298,-0.021232575,,,epidermis|rest
AT1G18720,0.12915438,0.15053692,-0.02138254,,,epidermis|rest
AT1G10490,0.124292895,0.1458355,-0.021542609,,,epidermis|rest
AT3G29240,0.2587749,0.28034452,-0.02156961,,,epidermis|rest
AT5G20290,0.22079371,0.24238732,-0.021593615,,,epidermis|rest
AT5G10450,0.36050203,0.38242537,-0.021923333,,,epidermis|rest
AT3G54900,0.11362811,0.13556226,-0.021934144,,,epidermis|rest
AT2G43710,0.12534057,0.14729398,-0.021953419,,,epidermis|rest
AT4G15800,0.2328478,0.25480178,-0.021953985,,,epidermis|rest
AT3G19010,0.15640171,0.17836432,-0.021962613,,,epidermis|rest
AT4G27440,0.26167443,0.2836955,-0.022021055,,,epidermis|rest
AT5G64400,0.24291563,0.265014,-0.022098362,,,epidermis|rest
AT3G22200,0.11382239,0.13596869,-0.022146292,,,epidermis|rest
AT1G74880,0.16218163,0.18434055,-0.02215892,,,epidermis|rest
AT3G47650,0.17677078,0.1989945,-0.022223726,,,epidermis|rest
AT1G18710,0.11018287,0.13251704,-0.022334173,,,epidermis|rest
AT3G18490,0.39265472,0.41501448,-0.022359759,,,epidermis|rest
AT1G67700,0.25869545,0.28114608,-0.022450626,,,epidermis|rest
AT1G72510,0.12679663,0.14935088,-0.022554249,,,epidermis|rest
AT5G54540,0.12076917,0.1433497,-0.022580534,,,epidermis|rest
AT4G37925,0.13591519,0.15849933,-0.02258414,,,epidermis|rest
AT3G07560,0.14422248,0.16695881,-0.022736326,,,epidermis|rest
AT1G22280,0.1245838,0.14743179,-0.022847988,,,epidermis|rest
AT4G35750,0.48425224,0.50711596,-0.022863716,,,epidermis|rest
AT5G23040,0.18533589,0.20820467,-0.022868782,,,epidermis|rest
AT4G25570,0.1790452,0.20193739,-0.022892192,,,epidermis|rest
AT1G03600,0.21851732,0.241432,-0.022914678,,,epidermis|rest
AT3G53740,0.13841094,0.16140759,-0.02299665,,,epidermis|rest
AT4G09760,0.2007234,0.22386013,-0.023136735,,,epidermis|rest
AT3G51920,0.379691,0.40291297,-0.02322197,,,epidermis|rest
AT5G44572,0.13644004,0.15984239,-0.023402348,,,epidermis|rest
AT5G59613,0.15078671,0.17423502,-0.023448303,,,epidermis|rest
AT5G43150,0.1692392,0.19270708,-0.023467883,,,epidermis|rest
AT3G08610,0.15542851,0.17901476,-0.023586243,,,epidermis|rest
AT5G61210,0.14652131,0.1702734,-0.023752078,,,epidermis|rest
AT4G22240,0.16690966,0.19072436,-0.023814693,,,epidermis|rest
AT1G75460,0.18272507,0.20656607,-0.023840994,,,epidermis|rest
AT4G22220,0.21719176,0.24104838,-0.023856625,,,epidermis|rest
AT4G34350,0.41860598,0.44251847,-0.02391249,,,epidermis|rest
AT1G28370,0.19096662,0.21496913,-0.024002507,,,epidermis|rest
AT4G09890,0.17144462,0.19545567,-0.024011046,,,epidermis|rest
AT2G41410,0.42253393,0.4465993,-0.024065375,,,epidermis|rest
AT3G62870,0.1290037,0.15318677,-0.024183065,,,epidermis|rest
AT3G52060,0.12030058,0.14448978,-0.024189197,,,epidermis|rest
AT3G10985,0.16243593,0.18664816,-0.024212226,,,epidermis|rest
AT5G16400,0.14618194,0.17044726,-0.02426532,,,epidermis|rest
AT1G20696,0.2812575,0.30554044,-0.024282932,,,epidermis|rest
AT5G48380,0.18665911,0.21100691,-0.024347797,,,epidermis|rest
AT4G35770,0.16065316,0.18506174,-0.024408579,,,epidermis|rest
AT5G45350,0.16261886,0.18704855,-0.024429694,,,epidermis|rest
AT1G78630,0.13286956,0.15733935,-0.024469793,,,epidermis|rest
AT1G66330,0.10720299,0.13171034,-0.024507344,,,epidermis|rest
AT2G42220,0.14605486,0.17056546,-0.024510592,,,epidermis|rest
AT5G04550,0.13374685,0.15830074,-0.024553895,,,epidermis|rest
AT3G56240,0.19272399,0.21739967,-0.024675682,,,epidermis|rest
AT4G27280,0.25304207,0.27774608,-0.02470401,,,epidermis|rest
AT4G27657,0.34376854,0.36848533,-0.024716794,,,epidermis|rest
AT4G23880,0.16549307,0.19028838,-0.024795309,,,epidermis|rest
AT2G23600,0.2033573,0.22822888,-0.024871588,,,epidermis|rest
AT5G58650,0.16916102,0.19403271,-0.024871692,,,epidermis|rest
AT2G28840,0.20999923,0.234999,-0.024999768,,,epidermis|rest
AT2G41840,0.15139213,0.17647399,-0.025081858,,,epidermis|rest
AT3G10930,0.1952832,0.2204616,-0.025178403,,,epidermis|rest
AT2G30520,0.40798715,0.43333304,-0.025345892,,,epidermis|rest
AT4G32260,0.85596246,0.88139915,-0.0254367,,,epidermis|rest
AT1G21680,0.16996756,0.19547167,-0.025504112,,,epidermis|rest
AT3G18780,0.51542294,0.54102564,-0.025602698,,,epidermis|rest
AT2G14910,0.32980224,0.35544688,-0.02564463,,,epidermis|rest
AT3G50950,0.27810067,0.30375466,-0.025653988,,,epidermis|rest
AT5G49730,0.95694447,0.9826856,-0.02574116,,,epidermis|rest
AT3G23600,0.169529,0.19535154,-0.025822535,,,epidermis|rest
AT3G13062,0.22446413,0.25033432,-0.02587019,,,epidermis|rest
AT3G16520,0.11153508,0.13742909,-0.025894009,,,epidermis|rest
AT2G30040,0.18139526,0.20734508,-0.02594982,,,epidermis|rest
ATCG01020,1.0978105,1.1237911,-0.025980592,,,epidermis|rest
AT3G22210,0.11513635,0.14118427,-0.026047923,,,epidermis|rest
AT3G11510,0.12556587,0.15177001,-0.026204139,,,epidermis|rest
AT1G52400,0.18281478,0.20915091,-0.026336133,,,epidermis|rest
AT1G76600,0.32757688,0.3539259,-0.026349038,,,epidermis|rest
AT3G12345,0.17906372,0.20560527,-0.026541546,,,epidermis|rest
AT2G39470,0.12335079,0.14997147,-0.026620679,,,epidermis|rest
AT4G22570,0.23267964,0.25942612,-0.026746482,,,epidermis|rest
AT3G04120,0.17138402,0.19839908,-0.02701506,,,epidermis|rest
AT2G34480,0.116859496,0.14388815,-0.02702865,,,epidermis|rest
AT2G42600,0.58789784,0.614928,-0.02703017,,,epidermis|rest
AT1G11860,0.23987001,0.26692733,-0.02705732,,,epidermis|rest
AT3G51730,0.385372,0.41244856,-0.027076542,,,epidermis|rest
AT4G17170,0.1328689,0.16002882,-0.027159914,,,epidermis|rest
AT1G19020,0.18796974,0.21513216,-0.027162418,,,epidermis|rest
AT2G45170,0.115930595,0.14318907,-0.027258478,,,epidermis|rest
AT3G50500,0.106919274,0.13422562,-0.027306348,,,epidermis|rest
AT1G65230,0.11868914,0.14610262,-0.02741348,,,epidermis|rest
AT4G37300,0.19954303,0.2269769,-0.027433872,,,epidermis|rest
AT4G12040,0.11140016,0.13887961,-0.027479455,,,epidermis|rest
AT4G18240,0.10371151,0.13125937,-0.027547859,,,epidermis|rest
AT4G32470,0.13686073,0.16462487,-0.027764142,,,epidermis|rest
AT2G04410,0.18253285,0.21036181,-0.027828962,,,epidermis|rest
AT5G62720,0.13517705,0.16303973,-0.027862683,,,epidermis|rest
AT4G02520,0.35225648,0.38012937,-0.02787289,,,epidermis|rest
AT3G15450,0.66936624,0.69728523,-0.027918994,,,epidermis|rest
AT1G14280,0.144007,0.17194131,-0.027934313,,,epidermis|rest
AT4G29905,0.5234799,0.55142814,-0.02794826,,,epidermis|rest
AT5G48300,0.13688493,0.16489246,-0.028007537,,,epidermis|rest
AT5G06320,0.83806956,0.866111,-0.028041422,,,epidermis|rest
AT1G05575,0.117552266,0.14564686,-0.02809459,,,epidermis|rest
AT1G72060,0.1505684,0.17871888,-0.028150484,,,epidermis|rest
AT1G77710,0.15787482,0.18610278,-0.028227955,,,epidermis|rest
AT1G45474,0.118510276,0.14677171,-0.028261438,,,epidermis|rest
AT3G01520,0.14031509,0.16866781,-0.028352723,,,epidermis|rest
AT4G22890,0.58789253,0.6162869,-0.028394341,,,epidermis|rest
AT5G65480,0.1979894,0.22653164,-0.028542235,,,epidermis|rest
AT3G53990,0.25395417,0.28252345,-0.028569281,,,epidermis|rest
AT1G23130,0.4120571,0.44077754,-0.028720438,,,epidermis|rest
AT1G09130,0.22416313,0.25297096,-0.028807834,,,epidermis|rest
AT4G17730,0.12190142,0.1508818,-0.028980374,,,epidermis|rest
AT5G24490,0.3471966,0.3762277,-0.029031098,,,epidermis|rest
AT3G03150,0.18373145,0.21282087,-0.029089421,,,epidermis|rest
AT2G02760,0.14768513,0.17685522,-0.029170096,,,epidermis|rest
AT3G49910,0.18604039,0.21526377,-0.029223382,,,epidermis|rest
AT1G65980,0.24625136,0.2754809,-0.029229537,,,epidermis|rest
AT3G27830,0.20195709,0.23143639,-0.029479295,,,epidermis|rest
AT3G50830,0.101770654,0.13125433,-0.029483676,,,epidermis|rest
AT5G20190,0.18054213,0.21010849,-0.029566363,,,epidermis|rest
AT5G57040,0.2706166,0.30020222,-0.02958563,,,epidermis|rest
AT3G48560,0.18873687,0.21833016,-0.029593289,,,epidermis|rest
AT5G20900,0.16328412,0.19300951,-0.029725388,,,epidermis|rest
AT4G11150,0.18476291,0.21459962,-0.029836714,,,epidermis|rest
AT1G19960,0.16654173,0.19655134,-0.030009612,,,epidermis|rest
AT1G18740,0.5850431,0.61522573,-0.03018266,,,epidermis|rest
AT1G22160,0.18436629,0.21462679,-0.030260503,,,epidermis|rest
AT2G40060,0.107338615,0.13761105,-0.030272432,,,epidermis|rest
AT3G16570,0.15085213,0.18112576,-0.030273631,,,epidermis|rest
AT4G13830,0.19654354,0.2268287,-0.03028515,,,epidermis|rest
AT1G66410,0.20378406,0.23425215,-0.030468091,,,epidermis|rest
AT2G34600,0.2240205,0.25451288,-0.03049238,,,epidermis|rest
AT4G17840,0.12924837,0.15993892,-0.03069055,,,epidermis|rest
AT2G20920,0.13816728,0.16892749,-0.030760214,,,epidermis|rest
AT2G21970,0.11096502,0.14173429,-0.030769266,,,epidermis|rest
AT5G14320,0.18685621,0.21765617,-0.030799955,,,epidermis|rest
AT1G27130,0.13367091,0.16448058,-0.03080967,,,epidermis|rest
AT3G19170,0.14610766,0.17707449,-0.030966833,,,epidermis|rest
AT3G63490,0.23301056,0.2641567,-0.031146139,,,epidermis|rest
AT5G24735,0.20846301,0.23962471,-0.031161696,,,epidermis|rest
AT1G64680,0.16560066,0.19684038,-0.031239718,,,epidermis|rest
AT3G63410,0.1241282,0.15542857,-0.031300373,,,epidermis|rest
AT3G11930,0.1492586,0.18068428,-0.031425685,,,epidermis|rest
AT2G22990,0.4928101,0.5245006,-0.031690508,,,epidermis|rest
AT1G79850,0.13699599,0.16881455,-0.03181857,,,epidermis|rest
AT2G41420,0.17171927,0.20354085,-0.03182158,,,epidermis|rest
AT2G34860,0.11420239,0.14607458,-0.03187219,,,epidermis|rest
AT5G43460,0.16299684,0.19497204,-0.031975195,,,epidermis|rest
AT3G56050,0.17559114,0.20779596,-0.03220482,,,epidermis|rest
AT5G24120,0.15820144,0.19047786,-0.03227642,,,epidermis|rest
AT1G48350,0.11424314,0.1466337,-0.032390557,,,epidermis|rest
AT1G50020,0.110708825,0.14320184,-0.032493018,,,epidermis|rest
AT1G49032,0.19828758,0.23081572,-0.032528147,,,epidermis|rest
AT4G32340,0.26527134,0.29808888,-0.032817543,,,epidermis|rest
AT1G78830,0.54567647,0.5785833,-0.03290683,,,epidermis|rest
AT4G38690,0.12046791,0.15354837,-0.033080466,,,epidermis|rest
AT4G19200,0.7639557,0.79704565,-0.033089936,,,epidermis|rest
AT1G52342,0.10600058,0.13909742,-0.033096842,,,epidermis|rest
AT4G35250,0.11939343,0.15250228,-0.033108853,,,epidermis|rest
AT5G42650,0.15224947,0.18538342,-0.033133954,,,epidermis|rest
AT1G72930,0.22726612,0.26050353,-0.033237413,,,epidermis|rest
AT3G23400,0.24806012,0.28132102,-0.033260897,,,epidermis|rest
AT3G55440,0.2872395,0.32057136,-0.03333187,,,epidermis|rest
AT5G10695,0.4373041,0.47067,-0.033365905,,,epidermis|rest
AT4G13615,0.16318223,0.19661897,-0.033436745,,,epidermis|rest
AT1G67870,0.32975316,0.3632345,-0.03348133,,,epidermis|rest
AT3G25920,0.12798432,0.16149558,-0.033511266,,,epidermis|rest
AT2G43460,0.116544634,0.15016147,-0.03361684,,,epidermis|rest
AT5G38980,0.5308321,0.56446874,-0.03363663,,,epidermis|rest
AT3G12630,0.27171013,0.30543658,-0.033726454,,,epidermis|rest
AT3G50770,0.41665104,0.45046595,-0.033814907,,,epidermis|rest
AT3G50820,0.56884223,0.6029522,-0.03410995,,,epidermis|rest
AT1G26670,0.20457198,0.23878987,-0.034217894,,,epidermis|rest
AT1G73885,0.28065485,0.3150058,-0.03435096,,,epidermis|rest
AT3G26280,0.14466488,0.17910783,-0.034442946,,,epidermis|rest
AT5G01350,0.22982474,0.26428452,-0.034459785,,,epidermis|rest
AT5G16710,0.10609785,0.1407829,-0.034685045,,,epidermis|rest
AT4G38970,0.99521416,1.029952,-0.034737885,,,epidermis|rest
AT1G21910,0.17432192,0.20907877,-0.034756854,,,epidermis|rest
AT3G18740,0.1223876,0.15717079,-0.034783185,,,epidermis|rest
AT2G43910,0.10107844,0.13591741,-0.034838967,,,epidermis|rest
AT5G24930,0.3056166,0.34047237,-0.034855783,,,epidermis|rest
AT1G32460,0.15113473,0.18621038,-0.03507565,,,epidermis|rest
AT1G52870,0.39383078,0.42908618,-0.035255402,,,epidermis|rest
AT5G30510,0.28925806,0.32453465,-0.03527659,,,epidermis|rest
AT3G17930,0.121781185,0.15717196,-0.03539078,,,epidermis|rest
AT4G04020,0.18438055,0.21981637,-0.035435826,,,epidermis|rest
AT5G47890,0.104440145,0.13990314,-0.035462998,,,epidermis|rest
AT1G32640,0.17606908,0.21153575,-0.03546667,,,epidermis|rest
AT1G52220,0.24328233,0.2788916,-0.03560926,,,epidermis|rest
AT2G39570,0.15616082,0.19183649,-0.035675675,,,epidermis|rest
AT2G28720,0.14137223,0.1770633,-0.035691068,,,epidermis|rest
AT5G04140,0.9772268,1.0133704,-0.0361436,,,epidermis|rest
AT1G71500,0.19039097,0.22664994,-0.036258966,,,epidermis|rest
AT3G56800,0.35122052,0.38748342,-0.0362629,,,epidermis|rest
AT1G80440,0.3870908,0.42342448,-0.03633368,,,epidermis|rest
AT1G78020,0.18399626,0.22036456,-0.036368296,,,epidermis|rest
AT4G34950,0.1109203,0.14731576,-0.036395453,,,epidermis|rest
AT4G20150,0.1144948,0.1509769,-0.036482096,,,epidermis|rest
AT3G09860,0.12033589,0.15682018,-0.036484286,,,epidermis|rest
AT1G19770,0.2473123,0.2844776,-0.037165284,,,epidermis|rest
AT2G40880,0.27165022,0.3088468,-0.037196577,,,epidermis|rest
AT4G38932,0.13340689,0.17068657,-0.03727968,,,epidermis|rest
AT1G15270,0.18658751,0.22398011,-0.0373926,,,epidermis|rest
AT5G06310,0.4449137,0.4829976,-0.03808391,,,epidermis|rest
AT1G65260,0.22816855,0.26627973,-0.03811118,,,epidermis|rest
AT2G24940,0.2099642,0.24845172,-0.038487524,,,epidermis|rest
AT1G71950,0.12459985,0.16313404,-0.038534187,,,epidermis|rest
AT2G27830,0.18122445,0.21981788,-0.038593426,,,epidermis|rest
ATCG00110,0.5046214,0.5433348,-0.038713396,,,epidermis|rest
AT1G68840,0.317749,0.35658386,-0.03883487,,,epidermis|rest
AT3G24420,0.3974966,0.4366704,-0.039173782,,,epidermis|rest
AT1G72370,0.12345423,0.16264987,-0.039195642,,,epidermis|rest
AT4G38920,0.16684178,0.2060568,-0.03921503,,,epidermis|rest
AT2G47400,1.5416731,1.5811133,-0.039440274,,,epidermis|rest
AT4G35100,0.195659,0.23530644,-0.039647445,,,epidermis|rest
AT1G70780,0.31439918,0.35409835,-0.039699167,,,epidermis|rest
AT5G18380,0.29530662,0.33506712,-0.0397605,,,epidermis|rest
AT1G76960,0.268516,0.30829075,-0.039774746,,,epidermis|rest
AT3G51840,0.19047318,0.2303774,-0.039904222,,,epidermis|rest
AT1G20693,0.34574243,0.3856897,-0.03994727,,,epidermis|rest
AT1G25560,0.21799558,0.25796035,-0.039964765,,,epidermis|rest
AT3G23030,0.18109025,0.22116546,-0.040075213,,,epidermis|rest
AT1G75630,0.13790794,0.17804316,-0.04013522,,,epidermis|rest
AT2G32150,0.15763466,0.19778305,-0.040148392,,,epidermis|rest
AT1G60870,0.10485627,0.1450211,-0.04016483,,,epidermis|rest
AT3G15360,0.40475264,0.44501865,-0.040266007,,,epidermis|rest
AT3G16140,0.3459213,0.3861957,-0.04027438,,,epidermis|rest
AT5G51970,0.15401374,0.19454241,-0.04052867,,,epidermis|rest
AT3G23050,0.1566639,0.19724345,-0.040579557,,,epidermis|rest
AT4G09800,0.15532461,0.19641079,-0.041086182,,,epidermis|rest
AT1G64510,0.10202519,0.1431585,-0.041133307,,,epidermis|rest
AT1G08110,0.15396518,0.19510767,-0.041142493,,,epidermis|rest
AT2G29450,0.15260644,0.19383177,-0.04122533,,,epidermis|rest
AT5G48160,0.13585009,0.17711195,-0.041261867,,,epidermis|rest
AT2G27290,0.22984749,0.27113163,-0.041284144,,,epidermis|rest
AT2G34430,0.9944949,1.0357802,-0.041285276,,,epidermis|rest
AT3G56880,0.19453363,0.23604934,-0.041515708,,,epidermis|rest
AT2G47710,0.23073524,0.27227095,-0.041535705,,,epidermis|rest
AT3G08580,0.21942906,0.26097342,-0.041544363,,,epidermis|rest
AT1G16720,0.16625294,0.20797138,-0.04171844,,,epidermis|rest
AT3G20770,0.22722846,0.26906255,-0.041834086,,,epidermis|rest
AT5G16470,0.17676546,0.21860328,-0.041837826,,,epidermis|rest
AT5G57345,0.15476567,0.19679129,-0.042025626,,,epidermis|rest
AT4G39090,0.62234545,0.66438365,-0.042038202,,,epidermis|rest
AT4G30530,0.17738374,0.2196733,-0.04228957,,,epidermis|rest
AT5G44020,0.4806685,0.5230196,-0.042351127,,,epidermis|rest
AT1G02305,0.11480813,0.15739006,-0.04258193,,,epidermis|rest
AT1G07770,0.17684548,0.21949771,-0.042652234,,,epidermis|rest
AT3G11940,0.18440731,0.22711526,-0.04270795,,,epidermis|rest
AT5G66180,0.16487427,0.20767511,-0.042800844,,,epidermis|rest
AT1G29070,0.11505366,0.15787302,-0.04281936,,,epidermis|rest
AT5G02500,1.0712448,1.1141942,-0.04294932,,,epidermis|rest
AT5G02960,0.23489901,0.27788213,-0.042983115,,,epidermis|rest
AT5G08290,0.11462378,0.15784518,-0.043221407,,,epidermis|rest
AT4G10300,0.1602199,0.20347391,-0.043254018,,,epidermis|rest
AT4G29350,0.3576926,0.40102643,-0.04333383,,,epidermis|rest
AT5G12140,0.11375034,0.15717356,-0.04342322,,,epidermis|rest
AT5G16660,0.12146107,0.1649269,-0.04346583,,,epidermis|rest
AT1G68660,0.15727593,0.20083797,-0.04356204,,,epidermis|rest
AT5G42270,0.22601154,0.26966482,-0.04365328,,,epidermis|rest
AT1G64230,0.40706766,0.4507432,-0.043675542,,,epidermis|rest
AT4G20360,0.5509844,0.5948899,-0.043905497,,,epidermis|rest
AT5G65207,0.27477318,0.3188208,-0.044047624,,,epidermis|rest
AT1G66240,0.1718157,0.21601415,-0.044198453,,,epidermis|rest
AT4G22690,0.4059474,0.45039183,-0.04444444,,,epidermis|rest
AT5G22270,0.16742341,0.21207525,-0.044651836,,,epidermis|rest
AT1G70760,0.18224137,0.22690947,-0.04466811,,,epidermis|rest
AT5G62350,0.25348306,0.2981624,-0.044679344,,,epidermis|rest
AT3G62250,0.1362279,0.18101999,-0.044792086,,,epidermis|rest
AT3G54050,0.3969984,0.44221136,-0.045212954,,,epidermis|rest
AT1G54780,0.5317099,0.57692444,-0.045214534,,,epidermis|rest
AT5G24165,0.23481612,0.28011823,-0.045302108,,,epidermis|rest
AT1G10470,0.15529022,0.20099227,-0.045702055,,,epidermis|rest
AT5G47560,0.17919944,0.2252713,-0.046071857,,,epidermis|rest
AT4G40030,0.43474847,0.48082736,-0.04607889,,,epidermis|rest
AT1G06040,0.2821629,0.3282762,-0.046113282,,,epidermis|rest
AT1G64360,0.20777467,0.25389287,-0.0461182,,,epidermis|rest
AT3G55770,0.15425377,0.20049343,-0.04623966,,,epidermis|rest
AT5G63160,0.23595636,0.28234607,-0.046389714,,,epidermis|rest
AT4G34190,0.14726639,0.19374223,-0.046475843,,,epidermis|rest
AT2G25735,0.3035866,0.35036874,-0.046782136,,,epidermis|rest
AT4G13520,0.12773645,0.17451933,-0.04678288,,,epidermis|rest
AT1G76650,0.5590668,0.6058515,-0.0467847,,,epidermis|rest
AT4G10080,0.16953082,0.21639746,-0.04686664,,,epidermis|rest
AT4G01150,1.0605749,1.1075553,-0.04698038,,,epidermis|rest
AT2G18300,0.32813162,0.37520453,-0.047072917,,,epidermis|rest
AT5G40950,0.14416197,0.19129436,-0.047132388,,,epidermis|rest
AT1G55675,0.107402205,0.15496556,-0.04756336,,,epidermis|rest
AT3G26450,0.21527304,0.26311788,-0.047844842,,,epidermis|rest
AT1G76100,0.30875984,0.35663542,-0.047875583,,,epidermis|rest
AT1G13260,0.42995155,0.4778353,-0.04788375,,,epidermis|rest
AT4G16980,0.22387955,0.27204242,-0.048162878,,,epidermis|rest
AT4G09000,0.25691915,0.30517146,-0.048252314,,,epidermis|rest
AT5G58330,0.17589347,0.22433789,-0.04844442,,,epidermis|rest
AT5G42300,0.2680479,0.31654823,-0.04850033,,,epidermis|rest
AT2G21330,0.7306602,0.7791965,-0.0485363,,,epidermis|rest
AT3G52590,0.21619952,0.26481923,-0.048619717,,,epidermis|rest
AT1G21500,0.18759352,0.23623587,-0.048642352,,,epidermis|rest
AT3G08510,0.19336848,0.24205045,-0.048681974,,,epidermis|rest
AT5G02840,0.25064048,0.29938653,-0.04874605,,,epidermis|rest
AT4G13395,0.25798672,0.30682492,-0.0488382,,,epidermis|rest
AT5G14780,0.36606598,0.4149441,-0.048878133,,,epidermis|rest
AT4G05070,0.43544492,0.48446184,-0.049016923,,,epidermis|rest
AT1G66200,0.5198131,0.5690812,-0.049268067,,,epidermis|rest
AT1G72430,0.21014687,0.25941956,-0.049272686,,,epidermis|rest
AT5G04750,0.15332438,0.20296186,-0.04963748,,,epidermis|rest
AT5G55160,0.13284446,0.18258213,-0.049737662,,,epidermis|rest
AT3G47070,0.48747593,0.5373744,-0.049898446,,,epidermis|rest
AT2G38540,0.70314723,0.75330114,-0.05015391,,,epidermis|rest
AT1G07940,0.16164337,0.21182333,-0.05017996,,,epidermis|rest
AT5G14120,0.3039571,0.35424083,-0.05028373,,,epidermis|rest
AT5G60360,0.7988015,0.8491978,-0.050396323,,,epidermis|rest
AT5G61410,0.6454768,0.69596016,-0.050483346,,,epidermis|rest
AT5G43850,0.13821465,0.18871717,-0.050502524,,,epidermis|rest
AT1G22630,0.17543137,0.22624527,-0.0508139,,,epidermis|rest
AT2G46390,0.08394122,0.1349208,-0.050979584,,,epidermis|rest
AT3G09500,0.17429085,0.22553264,-0.051241785,,,epidermis|rest
AT1G15340,0.1337552,0.18526231,-0.0515071,,,epidermis|rest
AT4G26850,0.40014687,0.4516916,-0.051544726,,,epidermis|rest
AT1G74930,0.23929302,0.2908669,-0.051573887,,,epidermis|rest
AT5G02120,0.18233363,0.23407426,-0.05174063,,,epidermis|rest
AT4G16520,0.25280544,0.30504,-0.05223456,,,epidermis|rest
AT4G24770,0.31609407,0.36836997,-0.052275896,,,epidermis|rest
AT2G46220,0.43106174,0.48344532,-0.052383572,,,epidermis|rest
AT5G35630,0.72961503,0.7825307,-0.052915692,,,epidermis|rest
AT2G05310,0.14333187,0.19649816,-0.053166285,,,epidermis|rest
AT1G15820,1.3722836,1.425685,-0.05340147,,,epidermis|rest
AT5G35480,0.6728269,0.7265089,-0.05368203,,,epidermis|rest
AT3G44010,0.17740962,0.23166339,-0.054253772,,,epidermis|rest
AT1G69530,0.21608022,0.27065977,-0.054579556,,,epidermis|rest
AT1G57990,0.6895582,0.74449307,-0.05493486,,,epidermis|rest
AT5G13180,0.31129497,0.36625472,-0.054959744,,,epidermis|rest
AT4G26530,0.46383825,0.51904845,-0.055210203,,,epidermis|rest
AT1G02560,0.30821642,0.36380228,-0.05558586,,,epidermis|rest
AT5G01410,0.10836557,0.16396731,-0.05560174,,,epidermis|rest
AT4G21860,0.14360821,0.1993697,-0.055761486,,,epidermis|rest
AT3G51600,0.8767534,0.9325462,-0.05579281,,,epidermis|rest
AT2G46820,0.81754297,0.8733785,-0.055835545,,,epidermis|rest
AT3G27160,0.11904286,0.17540649,-0.056363627,,,epidermis|rest
AT1G28330,0.3536399,0.41002327,-0.05638337,,,epidermis|rest
AT5G07580,0.2888697,0.34525377,-0.056384057,,,epidermis|rest
AT3G22890,0.26476458,0.32134247,-0.05657789,,,epidermis|rest
AT4G01610,0.17369312,0.23031777,-0.05662465,,,epidermis|rest
AT1G21065,0.27864423,0.3353634,-0.056719154,,,epidermis|rest
AT4G33865,0.1669236,0.22376752,-0.05684392,,,epidermis|rest
AT1G26630,0.3626703,0.4195293,-0.056858987,,,epidermis|rest
AT4G36500,0.56461895,0.6217681,-0.05714917,,,epidermis|rest
AT4G38740,0.1844418,0.24193192,-0.05749011,,,epidermis|rest
AT1G16880,0.16154945,0.21930365,-0.057754204,,,epidermis|rest
AT4G35090,0.9285599,0.98631513,-0.05775523,,,epidermis|rest
AT4G25100,0.34882873,0.40663013,-0.057801396,,,epidermis|rest
AT5G66040,0.23866731,0.29654643,-0.05787912,,,epidermis|rest
AT2G20260,0.4269145,0.48485917,-0.057944655,,,epidermis|rest
AT4G04640,0.8370772,0.8951116,-0.05803442,,,epidermis|rest
AT3G12780,0.571963,0.6299979,-0.058034897,,,epidermis|rest
AT4G21105,0.13134271,0.18942837,-0.058085665,,,epidermis|rest
AT5G66052,0.2826504,0.34084925,-0.05819884,,,epidermis|rest
AT5G44580,0.3828932,0.44159645,-0.058703244,,,epidermis|rest
AT1G02780,0.37448484,0.4335767,-0.059091866,,,epidermis|rest
AT5G19240,0.4478459,0.50721216,-0.059366256,,,epidermis|rest
AT1G32080,0.1947779,0.25426325,-0.059485346,,,epidermis|rest
AT3G62290,0.7489034,0.80851537,-0.059611976,,,epidermis|rest
AT5G65220,0.306816,0.366852,-0.060035974,,,epidermis|rest
AT4G32940,0.48935276,0.5497017,-0.060348928,,,epidermis|rest
AT5G46430,0.11511613,0.17562921,-0.060513087,,,epidermis|rest
AT2G39730,3.1303566,3.1910002,-0.060643673,,,epidermis|rest
AT4G21280,0.53169566,0.5924077,-0.06071204,,,epidermis|rest
AT2G01300,0.15324737,0.21440078,-0.061153412,,,epidermis|rest
AT2G21660,0.69091886,0.75295824,-0.062039375,,,epidermis|rest
AT3G48140,0.23656511,0.29914072,-0.06257561,,,epidermis|rest
AT4G28085,0.1814024,0.2441907,-0.06278829,,,epidermis|rest
AT1G47128,0.57310206,0.6363166,-0.06321454,,,epidermis|rest
AT1G19660,0.4146343,0.47792587,-0.06329158,,,epidermis|rest
AT1G73540,1.0367037,1.1005626,-0.06385887,,,epidermis|rest
AT1G09340,0.2991016,0.36322182,-0.06412023,,,epidermis|rest
AT5G03240,0.59950966,0.6638729,-0.06436324,,,epidermis|rest
AT3G57450,0.41493946,0.4797373,-0.06479785,,,epidermis|rest
ATCG00220,2.7340217,2.7989373,-0.06491566,,,epidermis|rest
AT3G53420,0.62997913,0.69528484,-0.06530571,,,epidermis|rest
AT1G44575,0.6332576,0.69914985,-0.06589222,,,epidermis|rest
AT3G56940,0.77179605,0.83773893,-0.06594288,,,epidermis|rest
AT5G50950,0.3744458,0.44104144,-0.066595644,,,epidermis|rest
AT4G36040,0.5799715,0.6466575,-0.066686034,,,epidermis|rest
AT1G04410,0.36103144,0.42782634,-0.0667949,,,epidermis|rest
AT5G10860,0.3139271,0.38088155,-0.066954434,,,epidermis|rest
AT4G28750,1.7624314,1.829707,-0.06727564,,,epidermis|rest
AT3G14420,1.1476951,1.2150508,-0.06735575,,,epidermis|rest
AT3G15580,0.12173718,0.18950662,-0.06776944,,,epidermis|rest
AT2G24550,0.2300441,0.29789752,-0.06785342,,,epidermis|rest
AT4G09650,0.38832587,0.45634365,-0.06801778,,,epidermis|rest
AT3G01390,0.17487319,0.24417794,-0.06930475,,,epidermis|rest
AT3G51860,0.4295,0.49910805,-0.06960803,,,epidermis|rest
AT1G74670,0.38920116,0.458843,-0.06964183,,,epidermis|rest
AT1G75950,0.17816094,0.24817799,-0.070017055,,,epidermis|rest
ATCG00070,0.6640987,0.73446643,-0.07036775,,,epidermis|rest
AT3G12120,0.5801465,0.6512017,-0.07105523,,,epidermis|rest
AT1G65490,0.9699833,1.0414958,-0.07151252,,,epidermis|rest
AT2G35370,0.25425318,0.32630005,-0.072046876,,,epidermis|rest
AT1G01550,0.22566566,0.29904076,-0.073375106,,,epidermis|rest
AT5G17870,0.17620814,0.24958555,-0.073377416,,,epidermis|rest
AT3G04400,0.4270835,0.50172657,-0.074643075,,,epidermis|rest
AT4G32020,0.8551799,0.93011105,-0.074931145,,,epidermis|rest
AT5G38430,0.3561142,0.43117505,-0.075060844,,,epidermis|rest
AT1G78040,0.38062403,0.45579454,-0.07517052,,,epidermis|rest
AT1G64370,0.33731842,0.4137737,-0.076455265,,,epidermis|rest
AT1G12900,0.49134937,0.56781703,-0.07646766,,,epidermis|rest
AT5G21020,0.9864322,1.0631286,-0.076696396,,,epidermis|rest
AT5G53490,0.1087536,0.18550496,-0.07675136,,,epidermis|rest
AT4G19170,0.74171805,0.81851417,-0.076796114,,,epidermis|rest
AT1G37130,0.8590486,0.9359956,-0.076946974,,,epidermis|rest
AT1G13440,0.7682524,0.84539133,-0.07713896,,,epidermis|rest
AT1G25275,0.5589147,0.63758194,-0.07866722,,,epidermis|rest
AT1G72600,0.9645564,1.0436704,-0.07911402,,,epidermis|rest
AT4G02770,1.4844204,1.5649735,-0.080553055,,,epidermis|rest
AT5G61590,0.5543971,0.6364879,-0.082090795,,,epidermis|rest
AT5G64770,0.3680398,0.4506511,-0.08261132,,,epidermis|rest
AT3G45140,0.26645145,0.34907,-0.082618564,,,epidermis|rest
AT2G30950,0.54872227,0.6318081,-0.083085835,,,epidermis|rest
AT2G30860,0.58440876,0.66790015,-0.083491385,,,epidermis|rest
AT2G15890,0.5913406,0.6748377,-0.08349711,,,epidermis|rest
AT4G27654,0.3023466,0.3863601,-0.08401352,,,epidermis|rest
AT2G37220,0.35096806,0.4355944,-0.08462635,,,epidermis|rest
AT4G34620,0.6538232,0.73849565,-0.08467245,,,epidermis|rest
AT1G34000,0.22496857,0.30995676,-0.08498819,,,epidermis|rest
AT4G21620,0.35334238,0.43850183,-0.08515945,,,epidermis|rest
AT3G01500,0.67942464,0.764637,-0.08521235,,,epidermis|rest
AT5G42980,0.6149773,0.7003925,-0.085415184,,,epidermis|rest
AT2G05520,2.872509,2.9591486,-0.08663964,,,epidermis|rest
AT4G40040,0.69206977,0.7796529,-0.087583125,,,epidermis|rest
AT3G54890,2.1074677,2.1953487,-0.08788109,,,epidermis|rest
AT1G48750,0.33325234,0.4220415,-0.088789165,,,epidermis|rest
AT5G10380,0.3482313,0.43702585,-0.08879456,,,epidermis|rest
AT1G78380,0.2759426,0.36481842,-0.08887583,,,epidermis|rest
AT3G62410,0.6490677,0.73960155,-0.09053385,,,epidermis|rest
AT5G11740,0.90535456,0.9972965,-0.09194195,,,epidermis|rest
AT1G03680,0.34174502,0.434492,-0.09274697,,,epidermis|rest
AT5G09660,0.97803104,1.0715986,-0.09356761,,,epidermis|rest
AT4G27652,0.6098281,0.7037943,-0.093966186,,,epidermis|rest
AT3G49780,0.35262862,0.44795904,-0.09533042,,,epidermis|rest
AT2G29630,0.35473037,0.45012626,-0.09539589,,,epidermis|rest
AT1G20620,0.86232585,0.95806473,-0.09573889,,,epidermis|rest
AT3G02730,0.32659534,0.42255014,-0.095954806,,,epidermis|rest
AT1G72610,0.5616014,0.6578067,-0.096205294,,,epidermis|rest
AT1G70700,0.2898109,0.38731688,-0.09750599,,,epidermis|rest
AT5G66570,2.156612,2.2550588,-0.098446846,,,epidermis|rest
AT1G31580,1.4924843,1.5911881,-0.09870374,,,epidermis|rest
AT5G15970,0.6009413,0.6997891,-0.09884781,,,epidermis|rest
AT1G09310,0.6225975,0.72383714,-0.10123962,,,epidermis|rest
AT2G46600,0.51657116,0.6187947,-0.102223516,,,epidermis|rest
AT1G66100,0.7420511,0.8442876,-0.10223645,,,epidermis|rest
AT4G37930,1.0539902,1.1568842,-0.10289395,,,epidermis|rest
AT3G62550,0.9791708,1.0827154,-0.10354459,,,epidermis|rest
AT1G51200,0.46504095,0.5687291,-0.10368815,,,epidermis|rest
AT1G31812,0.5114819,0.6163747,-0.10489279,,,epidermis|rest
AT3G06070,0.43536744,0.5403357,-0.10496828,,,epidermis|rest
AT1G67865,0.64920986,0.75456834,-0.10535848,,,epidermis|rest
AT5G02160,0.40645814,0.5127343,-0.106276155,,,epidermis|rest
AT1G31330,1.7510343,1.8573753,-0.106341004,,,epidermis|rest
AT2G33830,0.6716292,0.7779781,-0.10634893,,,epidermis|rest
AT5G19190,0.5274803,0.6348341,-0.10735381,,,epidermis|rest
AT3G16130,0.6012226,0.7091984,-0.10797584,,,epidermis|rest
AT1G15010,0.354307,0.46245456,-0.10814756,,,epidermis|rest
AT1G32060,0.6799168,0.7882549,-0.10833812,,,epidermis|rest
AT3G61430,0.31798515,0.42773688,-0.10975173,,,epidermis|rest
AT3G26650,1.2260417,1.3361474,-0.11010575,,,epidermis|rest
AT1G12090,1.2539166,1.365492,-0.111575365,,,epidermis|rest
AT1G56220,0.766924,0.87860763,-0.11168361,,,epidermis|rest
AT1G72450,0.4763323,0.58916193,-0.112829626,,,epidermis|rest
AT1G23310,1.8396955,1.9556952,-0.1159997,,,epidermis|rest
AT2G13360,1.0965614,1.2127175,-0.1161561,,,epidermis|rest
AT4G03280,0.9219303,1.0397698,-0.117839456,,,epidermis|rest
AT4G05180,1.6994619,1.8185027,-0.11904073,,,epidermis|rest
AT3G15840,0.43593976,0.5556578,-0.119718045,,,epidermis|rest
AT2G05620,0.32976693,0.4495967,-0.119829774,,,epidermis|rest
AT1G67740,0.68465084,0.8051075,-0.120456636,,,epidermis|rest
AT2G27385,0.6462228,0.76709723,-0.120874465,,,epidermis|rest
AT4G10340,2.561487,2.6833117,-0.12182474,,,epidermis|rest
AT5G38420,0.5254128,0.64862263,-0.123209834,,,epidermis|rest
AT4G16190,1.2059534,1.3296107,-0.123657346,,,epidermis|rest
AT5G01530,1.6906444,1.8145041,-0.12385976,,,epidermis|rest
AT3G44310,0.48334426,0.6110273,-0.12768304,,,epidermis|rest
AT2G41430,1.3893033,1.5190741,-0.12977076,,,epidermis|rest
AT1G54410,0.8927793,1.0226787,-0.12989944,,,epidermis|rest
AT5G14740,0.6757177,0.806412,-0.13069427,,,epidermis|rest
AT1G03130,0.7543805,0.88563573,-0.13125521,,,epidermis|rest
AT1G52230,0.6954145,0.8325323,-0.1371178,,,epidermis|rest
AT2G45180,1.4834015,1.6211394,-0.13773787,,,epidermis|rest
AT3G21055,0.80575585,0.9459742,-0.14021832,,,epidermis|rest
AT3G08940,1.4868073,1.6271832,-0.14037585,,,epidermis|rest
AT1G49500,0.73063034,0.8744408,-0.14381045,,,epidermis|rest
AT5G19140,1.8650805,2.0105317,-0.14545119,,,epidermis|rest
AT5G54940,0.9308879,1.0774808,-0.14659292,,,epidermis|rest
AT1G56280,1.5116687,1.6599473,-0.1482786,,,epidermis|rest
AT1G60950,0.76153624,0.91083014,-0.1492939,,,epidermis|rest
AT3G47470,3.0911112,3.2482636,-0.15715241,,,epidermis|rest
AT2G26500,0.92582244,1.083764,-0.15794152,,,epidermis|rest
AT1G29910,2.0594149,2.2228901,-0.16347528,,,epidermis|rest
AT3G26740,1.0075127,1.1721239,-0.16461122,,,epidermis|rest
AT3G19030,0.8124494,0.98077255,-0.16832316,,,epidermis|rest
AT5G02380,0.66944283,0.8385366,-0.16909379,,,epidermis|rest
AT4G23670,1.1942152,1.3638862,-0.16967106,,,epidermis|rest
AT3G61470,2.158393,2.3294878,-0.1710949,,,epidermis|rest
AT1G32920,1.0270017,1.2009352,-0.1739335,,,epidermis|rest
AT3G16640,2.4577212,2.6325383,-0.17481709,,,epidermis|rest
AT1G06680,1.9363827,2.1143327,-0.17795002,,,epidermis|rest
AT5G02370,0.86173606,1.0428957,-0.18115962,,,epidermis|rest
AT2G25510,1.2694175,1.4512203,-0.18180275,,,epidermis|rest
AT5G54270,2.090725,2.274259,-0.18353415,,,epidermis|rest
AT1G20340,1.7079782,1.8931023,-0.18512404,,,epidermis|rest
AT4G05320,1.1549844,1.3414253,-0.18644094,,,epidermis|rest
AT2G06520,1.9793075,2.1695864,-0.19027889,,,epidermis|rest
AT2G15960,0.86708856,1.0596365,-0.19254792,,,epidermis|rest
AT1G13930,1.0680768,1.2652218,-0.19714499,,,epidermis|rest
AT1G29920,2.2723708,2.4700236,-0.19765282,,,epidermis|rest
AT1G51400,1.0362331,1.2458389,-0.20960581,,,epidermis|rest
AT1G61520,2.4130678,2.6236963,-0.21062851,,,epidermis|rest
AT2G34420,3.5240874,3.737715,-0.21362758,,,epidermis|rest
AT5G38410,1.4586561,1.6764662,-0.21781015,,,epidermis|rest
AT1G08380,2.07777,2.3028884,-0.2251184,,,epidermis|rest
AT1G79040,3.5129533,3.7387736,-0.2258203,,,epidermis|rest
AT5G54770,1.4176749,1.6444172,-0.22674227,,,epidermis|rest
AT1G29930,3.9594457,4.1956964,-0.23625064,,,epidermis|rest
AT3G15353,1.555026,1.7932703,-0.2382443,,,epidermis|rest
AT1G07590,1.6866086,1.9278718,-0.24126327,,,epidermis|rest
AT1G55670,1.8303659,2.0733056,-0.24293971,0.01990049751243781,0.0409287114899221,epidermis|rest
AT2G30570,1.9051994,2.154008,-0.2488085,0.07960199004975124,0.04146258199069298,epidermis|rest
AT5G64040,1.0950605,1.3491331,-0.25407267,0.004975124378109453,0.03726100110583759,epidermis|rest
AT4G12800,1.8305132,2.1046615,-0.27414823,0.05970149253731343,0.04434258877124002,epidermis|rest
AT3G09390,1.7864978,2.1004531,-0.3139553,0.004975124378109453,0.04538220593692385,epidermis|rest
AT1G67090,3.0222244,3.343279,-0.32105446,0.2835820895522388,0.04201847531584817,epidermis|rest
