gene,obs_lfc,null_sd,p_geomnull,interface,dataset,specimen
ATMG00030,0.34355974,0.0293377276464337,0.0348258706467661,epidermis|rest,acsta_arabidopsis,
ATMG00020,0.31287336,0.0331034183088295,0.1293532338308457,epidermis|rest,acsta_arabidopsis,
ATCG00270,0.30441117,0.0415698973373476,0.4875621890547263,epidermis|rest,acsta_arabidopsis,
ATCG00950,0.27022362,0.0380517386463195,0.9104477611940298,epidermis|rest,acsta_arabidopsis,
ATCG00450,0.25419486,0.0388445878070453,0.2885572139303483,epidermis|rest,acsta_arabidopsis,
ATCG00920,0.25128293,0.034926613280293,0.7213930348258707,epidermis|rest,acsta_arabidopsis,
AT1G55670,-0.24293792,0.0409287114899221,0.0199004975124378,epidermis|rest,acsta_arabidopsis,
AT2G30570,-0.24880397,0.0414625819906929,0.0796019900497512,epidermis|rest,acsta_arabidopsis,
AT5G64040,-0.25407147,0.0372610011058375,0.0049751243781094,epidermis|rest,acsta_arabidopsis,
AT4G12800,-0.27414668,0.04434258877124,0.0597014925373134,epidermis|rest,acsta_arabidopsis,
AT3G09390,-0.31395388,0.0453822059369238,0.0049751243781094,epidermis|rest,acsta_arabidopsis,
AT1G67090,-0.32105923,0.0420184753158481,0.2835820895522388,epidermis|rest,acsta_arabidopsis,
AMEX60DD047169,0.17614353,0.0356526937124241,0.0049751243781094,VLMC,artista_axolotl_brain,
MATR3 | AMEX60DD029071,0.13915741,0.0239479378028416,0.0049751243781094,VLMC,artista_axolotl_brain,
LOC108918534[nr]|TUBA1C[hs] | AMEX60DD029963,0.13550901,0.0389014230377086,0.0049751243781094,VLMC,artista_axolotl_brain,
AMEX60DD041777,0.13469654,0.0216645596458305,0.0049751243781094,VLMC,artista_axolotl_brain,
ID4 | AMEX60DD038483,0.1328314,0.0269358527318507,0.0049751243781094,VLMC,artista_axolotl_brain,
H355_001130[nr]|GAD2[hs] | AMEX60DD021875,0.1309377,0.0277964690957036,0.0049751243781094,VLMC,artista_axolotl_brain,
SPARC | AMEX60DD030096,-0.16354072,0.0478269272090019,0.0049751243781094,VLMC,artista_axolotl_brain,
LOC115075212[nr]|CTSV[hs] | AMEX60DD007096,-0.17863253,0.0512257733478148,0.0049751243781094,VLMC,artista_axolotl_brain,
COL3A1 | AMEX60DD055165,-0.2033087,0.0566729946466516,0.0049751243781094,VLMC,artista_axolotl_brain,
AB205_0119900[nr]|LUM[hs] | AMEX60DD007586,-0.2530806,0.0704471416982826,0.0049751243781094,VLMC,artista_axolotl_brain,
RBP4 | AMEX60DD052620,-0.3488719,0.1032972022351391,0.0049751243781094,VLMC,artista_axolotl_brain,
AGT | AMEX60DD035333,-0.36948222,0.1039244971102306,0.0049751243781094,VLMC,artista_axolotl_brain,
AMEX60DD054004,0.3465066,0.1234204130315994,0.0149253731343283,MSN,artista_axolotl_brain,
TRH | AMEX60DD023492,0.32728183,0.1117826632093502,0.0049751243781094,MSN,artista_axolotl_brain,
SNCA | AMEX60DD044083,0.3240415,0.0952994693633815,0.0049751243781094,MSN,artista_axolotl_brain,
LOC115460661[nr]|CARTPT[hs] | AMEX60DD003380,0.29579657,0.1142228511661451,0.0298507462686567,MSN,artista_axolotl_brain,
AMEX60DD000806,0.23718357,0.0808458284449017,0.0796019900497512,MSN,artista_axolotl_brain,
SLC1A3 | AMEX60DD041912,0.21652126,0.0776073484523808,0.0248756218905472,MSN,artista_axolotl_brain,
L1CAM | AMEX60DD025587,-0.119012594,0.0538470833709163,0.0199004975124378,MSN,artista_axolotl_brain,
EFNA5 | AMEX60DD042697,-0.12244794,0.0410743397570422,0.0049751243781094,MSN,artista_axolotl_brain,
AMEX60DD022072,-0.13648248,0.0637391178043769,0.0248756218905472,MSN,artista_axolotl_brain,
TAC1 | AMEX60DD022344,-0.31352127,0.1767051493253619,0.0646766169154228,MSN,artista_axolotl_brain,
LOC115080303[nr]|GAL[hs] | AMEX60DD016396,-0.3459766,0.1554221928066515,0.0248756218905472,MSN,artista_axolotl_brain,
CCK | AMEX60DD022038,-0.489271,0.1659079141070427,0.0049751243781094,MSN,artista_axolotl_brain,
NXPH1 | AMEX60DD022514,0.20845848,0.0590069256216732,0.0895522388059701,CMPN,artista_axolotl_brain,
FKBP1B | AMEX60DD033027,0.18789029,0.0695042911230692,0.2189054726368159,CMPN,artista_axolotl_brain,
TPD52L1 | AMEX60DD034735,0.18531907,0.0495896489122763,0.0597014925373134,CMPN,artista_axolotl_brain,
ANO5 | AMEX60DD004990,0.17722917,0.0595178039123749,0.0696517412935323,CMPN,artista_axolotl_brain,
SHISA6 | AMEX60DD030578,0.17522973,0.0406780137587132,0.0049751243781094,CMPN,artista_axolotl_brain,
DRD3 | AMEX60DD046985,0.17320359,0.0623545089446757,0.373134328358209,CMPN,artista_axolotl_brain,
RGS4 | AMEX60DD018749,-0.123847514,0.0455320176148812,0.0099502487562189,CMPN,artista_axolotl_brain,
NRP1 | AMEX60DD021789,-0.12582809,0.038505719855017,0.0049751243781094,CMPN,artista_axolotl_brain,
LOC108797113[nr] | AMEX60DD053960,-0.13911635,0.033169907356587,0.0099502487562189,CMPN,artista_axolotl_brain,
TAC1 | AMEX60DD022344,-0.14088914,0.1432462852945425,0.4378109452736318,CMPN,artista_axolotl_brain,
CNR1 | AMEX60DD033978,-0.14206156,0.0378784305699301,0.1791044776119403,CMPN,artista_axolotl_brain,
LOC115080303[nr]|GAL[hs] | AMEX60DD016396,-0.16505383,0.0982028606741615,0.1492537313432835,CMPN,artista_axolotl_brain,
AMEX60DD034076,0.44829255,0.1187844013857714,0.0049751243781094,mpEX,artista_axolotl_brain,
FKBP1B | AMEX60DD033027,0.33770657,0.0957303906072615,0.0149253731343283,mpEX,artista_axolotl_brain,
CCER2[nr]|CHGA[hs] | AMEX60DD024290,0.328709,0.0734761648620821,0.0149253731343283,mpEX,artista_axolotl_brain,
CBLN2 | AMEX60DD039277,0.31863678,0.1405162431309537,0.0547263681592039,mpEX,artista_axolotl_brain,
UCHL1[hs] | AMEX60DD045638,0.31817114,0.0739141107379016,0.0049751243781094,mpEX,artista_axolotl_brain,
ATP2B1[hs] | AMEX60DD006353,0.309489,0.073261427091456,0.0049751243781094,mpEX,artista_axolotl_brain,
AMEX60DD021041,-0.07453585,0.0823677937383161,0.4029850746268656,mpEX,artista_axolotl_brain,
PNCK | AMEX60DD025557,-0.075179055,0.0311121703321474,0.0099502487562189,mpEX,artista_axolotl_brain,
GPNMB | AMEX60DD022087,-0.078087464,0.045164769550146,0.1044776119402985,mpEX,artista_axolotl_brain,
MARCKS | AMEX60DDU001006823,-0.13261807,0.0548670506420487,0.0248756218905472,mpEX,artista_axolotl_brain,
FEZF2 | AMEX60DD023808,-0.16802643,0.0752054040307806,0.0199004975124378,mpEX,artista_axolotl_brain,
PENK | AMEX60DD039745,-0.2607072,0.1280959498878887,0.0547263681592039,mpEX,artista_axolotl_brain,
PCP4,0.099071324,0.0146943411890542,0.736318407960199,molecular layer|rest,cerebellum_crossspecies_spatial,
ALDOC,0.0968917,0.0074379484839136,0.0049751243781094,molecular layer|rest,cerebellum_crossspecies_spatial,
GRID2,0.07017088,0.0114616223850095,0.0099502487562189,molecular layer|rest,cerebellum_crossspecies_spatial,
PCP2,0.0495165,0.006491336088689,0.0796019900497512,molecular layer|rest,cerebellum_crossspecies_spatial,
HPCAL1,0.045271292,0.0022178296420926,0.0049751243781094,molecular layer|rest,cerebellum_crossspecies_spatial,
NSG1,0.0395346,0.002276712866271,0.0049751243781094,molecular layer|rest,cerebellum_crossspecies_spatial,
ND1,-0.19757819,0.0344419739892859,0.0547263681592039,molecular layer|rest,cerebellum_crossspecies_spatial,
ND3,-0.23373497,0.0207949542782425,0.4875621890547263,molecular layer|rest,cerebellum_crossspecies_spatial,
ND4,-0.2568953,0.0721701927838204,0.2537313432835821,molecular layer|rest,cerebellum_crossspecies_spatial,
ATP6,-0.30940533,0.105228835540541,0.5621890547263682,molecular layer|rest,cerebellum_crossspecies_spatial,
COX3,-1.158268,0.1640462004631556,0.8656716417910447,molecular layer|rest,cerebellum_crossspecies_spatial,
TTR,-2.270473,0.3365326974280638,0.0049751243781094,molecular layer|rest,cerebellum_crossspecies_spatial,
KCNIP4,0.079603195,0.0442282171433001,0.2288557213930348,granular layer|rest,cerebellum_crossspecies_spatial,
RBFOX1,0.041271448,0.0426959431013512,0.3432835820895522,granular layer|rest,cerebellum_crossspecies_spatial,
ZNF804B,0.028026164,0.0089822372672937,0.1343283582089552,granular layer|rest,cerebellum_crossspecies_spatial,
FGF14,0.026243687,0.0166219579086502,0.4129353233830846,granular layer|rest,cerebellum_crossspecies_spatial,
TRPM3,0.01960361,0.0068045561220968,0.681592039800995,granular layer|rest,cerebellum_crossspecies_spatial,
PDE3A,0.0130600035,0.0032224394995609,0.3283582089552239,granular layer|rest,cerebellum_crossspecies_spatial,
ND2,-0.6761339,0.0453203089288347,0.0049751243781094,granular layer|rest,cerebellum_crossspecies_spatial,
ND1,-0.7809386,0.0518106253536942,0.0049751243781094,granular layer|rest,cerebellum_crossspecies_spatial,
COX2,-1.1933994,0.1146258612093088,0.0049751243781094,granular layer|rest,cerebellum_crossspecies_spatial,
ND4,-1.2334847,0.1049143988445366,0.0049751243781094,granular layer|rest,cerebellum_crossspecies_spatial,
ATP6,-1.6264181,0.1450640197532708,0.0049751243781094,granular layer|rest,cerebellum_crossspecies_spatial,
COX3,-3.759428,0.2267891133764545,0.0049751243781094,granular layer|rest,cerebellum_crossspecies_spatial,
KCNIP4,0.09108019,0.0135546114939937,0.2437810945273631,purkinje layer|rest,cerebellum_crossspecies_spatial,
S100B,0.08369994,0.0175450579830997,1.0,purkinje layer|rest,cerebellum_crossspecies_spatial,
RBFOX1,0.078953624,0.0125554930454414,0.308457711442786,purkinje layer|rest,cerebellum_crossspecies_spatial,
HPCAL1,0.061861753,0.0121505394994947,1.0,purkinje layer|rest,cerebellum_crossspecies_spatial,
KCND2,0.04933721,0.0092530992107852,0.2786069651741293,purkinje layer|rest,cerebellum_crossspecies_spatial,
APOE,0.048560858,0.024774096940838,1.0,purkinje layer|rest,cerebellum_crossspecies_spatial,
PVALB,-0.3670504,0.0271300889008391,0.0049751243781094,purkinje layer|rest,cerebellum_crossspecies_spatial,
ALDOC,-0.3908429,0.0591537149000454,0.0049751243781094,purkinje layer|rest,cerebellum_crossspecies_spatial,
COX2,-0.39837694,0.0766468451900958,0.0049751243781094,purkinje layer|rest,cerebellum_crossspecies_spatial,
ND4,-0.5664029,0.0859175585615629,0.0049751243781094,purkinje layer|rest,cerebellum_crossspecies_spatial,
ATP6,-0.7986698,0.1158413992639257,0.0049751243781094,purkinje layer|rest,cerebellum_crossspecies_spatial,
COX3,-2.1915073,0.1842463524146965,0.0049751243781094,purkinje layer|rest,cerebellum_crossspecies_spatial,
MBP,0.6469321,0.1120612607548594,0.0049751243781094,white matter|rest,cerebellum_crossspecies_spatial,
COX3,0.26502514,0.1767261654375271,1.0,white matter|rest,cerebellum_crossspecies_spatial,
COX2,0.26068032,0.0683373442799934,1.0,white matter|rest,cerebellum_crossspecies_spatial,
ND4,0.19927597,0.0823512750614287,1.0,white matter|rest,cerebellum_crossspecies_spatial,
SNAP25,0.14670289,0.0313731714759426,1.0,white matter|rest,cerebellum_crossspecies_spatial,
ATP6,0.13763475,0.1140059118045171,1.0,white matter|rest,cerebellum_crossspecies_spatial,
CDK19,-0.00030307472,0.0038181837409702,1.0,white matter|rest,cerebellum_crossspecies_spatial,
ENTPD4,-0.0004235208,0.0049595015654576,1.0,white matter|rest,cerebellum_crossspecies_spatial,
PCP2,-0.0029580295,0.0140169516047149,0.9850746268656716,white matter|rest,cerebellum_crossspecies_spatial,
ND4L,-0.00614278,0.0051553229187628,0.7412935323383084,white matter|rest,cerebellum_crossspecies_spatial,
COX1,-0.011567056,0.0197869827417237,0.9800995024875622,white matter|rest,cerebellum_crossspecies_spatial,
GFAP,-0.014814138,0.0318824799557174,0.9900497512437813,white matter|rest,cerebellum_crossspecies_spatial,
Spink1,0.1546441138249963,0.0507729969038209,0.0049751243781094,ExE endoderm,digital_mouse_embryo_seu3d,
Emb,0.1119012739515022,0.0282183824604828,0.0099502487562189,ExE endoderm,digital_mouse_embryo_seu3d,
Slc16a1,0.1007090277960356,0.0214441587708545,0.0049751243781094,ExE endoderm,digital_mouse_embryo_seu3d,
H19,0.0891608416096203,0.0252306654761297,0.0049751243781094,ExE endoderm,digital_mouse_embryo_seu3d,
Car4,0.086865267285813,0.0215241148416525,0.0049751243781094,ExE endoderm,digital_mouse_embryo_seu3d,
Ttr,0.0785836907434358,0.0460379048110432,0.208955223880597,ExE endoderm,digital_mouse_embryo_seu3d,
Tpt1,-0.0611290773540565,0.0166172566883403,0.0049751243781094,ExE endoderm,digital_mouse_embryo_seu3d,
S100a6,-0.0644726344152646,0.0197352920491661,0.0796019900497512,ExE endoderm,digital_mouse_embryo_seu3d,
AY036118,-0.0869634188679358,0.0184458607810117,0.0547263681592039,ExE endoderm,digital_mouse_embryo_seu3d,
Prl8a2,-0.0928032202612776,0.0201471776251027,0.0149253731343283,ExE endoderm,digital_mouse_embryo_seu3d,
Cdk8,-0.1247537918155714,0.0272755755021383,0.0149253731343283,ExE endoderm,digital_mouse_embryo_seu3d,
Ctla2a,-0.125164550044404,0.0243530755774394,0.0049751243781094,ExE endoderm,digital_mouse_embryo_seu3d,
Tmsb10,0.2171880938718244,0.019258604497957,0.0945273631840796,Rostral neurectoderm,digital_mouse_embryo_seu3d,
Rpl41,0.1996123835852192,0.016918648546814,0.2487562189054726,Rostral neurectoderm,digital_mouse_embryo_seu3d,
Ftl1,0.1831999613094148,0.0170962989165297,0.8507462686567164,Rostral neurectoderm,digital_mouse_embryo_seu3d,
Prl3c1,0.1733020277210984,0.0132355037140726,0.2437810945273631,Rostral neurectoderm,digital_mouse_embryo_seu3d,
Rps28,0.1656274859601665,0.01529821025551,0.5572139303482587,Rostral neurectoderm,digital_mouse_embryo_seu3d,
Rps19,0.1578414886173416,0.0178683048263354,0.9353233830845772,Rostral neurectoderm,digital_mouse_embryo_seu3d,
Cmss1,-0.4153755465379618,0.0266829359254773,0.900497512437811,Rostral neurectoderm,digital_mouse_embryo_seu3d,
Gm26561,-0.4226449627316213,0.0256178076936014,0.9900497512437813,Rostral neurectoderm,digital_mouse_embryo_seu3d,
Lars2,-0.4253299133727419,0.0234754123565932,0.9950248756218906,Rostral neurectoderm,digital_mouse_embryo_seu3d,
Cd44,-0.4440332521845092,0.0260106940547185,0.9402985074626866,Rostral neurectoderm,digital_mouse_embryo_seu3d,
AY036118,-0.4647585893289085,0.0121753654940522,0.4278606965174129,Rostral neurectoderm,digital_mouse_embryo_seu3d,
Cdk8,-0.4745744474413496,0.0213621913726246,0.8557213930348259,Rostral neurectoderm,digital_mouse_embryo_seu3d,
Camk1d,0.254998419074093,0.0185809843076694,0.8557213930348259,Paraxial mesoderm,digital_mouse_embryo_seu3d,
Gm26561,0.1964227743855209,0.0197901612704691,0.3681592039800995,Paraxial mesoderm,digital_mouse_embryo_seu3d,
Il31ra,0.1951792395334386,0.0185126052730859,0.4975124378109453,Paraxial mesoderm,digital_mouse_embryo_seu3d,
Lars2,0.1922810315093959,0.018889982072444,0.2587064676616915,Paraxial mesoderm,digital_mouse_embryo_seu3d,
Cd44,0.1883766739634554,0.0196700803147826,0.1442786069651741,Paraxial mesoderm,digital_mouse_embryo_seu3d,
Meox1,0.1761745496804596,0.0102399536312528,0.0597014925373134,Paraxial mesoderm,digital_mouse_embryo_seu3d,
Ldha,-0.1303264443184537,0.0204789687212497,0.1393034825870646,Paraxial mesoderm,digital_mouse_embryo_seu3d,
Gpx3,-0.1379411511116721,0.0156492132309909,0.2139303482587064,Paraxial mesoderm,digital_mouse_embryo_seu3d,
Nnat,-0.1422367710990705,0.0156278487800822,0.0099502487562189,Paraxial mesoderm,digital_mouse_embryo_seu3d,
A2m,-0.1625314984823624,0.0181399561372099,0.0696517412935323,Paraxial mesoderm,digital_mouse_embryo_seu3d,
Mt1,-0.168308044905467,0.0147467946817982,0.0049751243781094,Paraxial mesoderm,digital_mouse_embryo_seu3d,
Ctla2a,-0.2703092914647418,0.0175975107829594,0.0049751243781094,Paraxial mesoderm,digital_mouse_embryo_seu3d,
Emb,0.1916542194822782,0.0472613236106552,0.0049751243781094,Gut,digital_mouse_embryo_seu3d,
Slc2a3,0.1322263468141647,0.0364910176755085,0.0099502487562189,Gut,digital_mouse_embryo_seu3d,
Slc16a1,0.1215588607976693,0.0293779824898497,0.0049751243781094,Gut,digital_mouse_embryo_seu3d,
Spink1,0.1037860971723521,0.0556727664328703,0.0845771144278607,Gut,digital_mouse_embryo_seu3d,
Ldha,0.0968469679945071,0.0287534255791883,0.0149253731343283,Gut,digital_mouse_embryo_seu3d,
Igfbp5,0.0792689465354315,0.0205111109379703,0.0049751243781094,Gut,digital_mouse_embryo_seu3d,
Npm1,-0.0954347632140082,0.0335387232278332,0.0099502487562189,Gut,digital_mouse_embryo_seu3d,
Nepn,-0.1008456501548687,0.0211154993553647,0.0049751243781094,Gut,digital_mouse_embryo_seu3d,
Cd44,-0.1015234331672619,0.02957367061453,0.3880597014925373,Gut,digital_mouse_embryo_seu3d,
Hspa8,-0.1032869168409127,0.0296619416375176,0.0049751243781094,Gut,digital_mouse_embryo_seu3d,
Gm26561,-0.1047243556975836,0.0290267022123587,0.3980099502487562,Gut,digital_mouse_embryo_seu3d,
Lars2,-0.1190251328749365,0.0294022530593065,0.1840796019900497,Gut,digital_mouse_embryo_seu3d,
epsilonTry,0.7886218,0.1117251658650072,0.0049751243781094,midgut,flysta3d_drosophila,
deltaTry,0.5323342,0.194475035801926,0.0149253731343283,midgut,flysta3d_drosophila,
Jon99Ciii,0.5074446,0.1222405997807275,0.0049751243781094,midgut,flysta3d_drosophila,
Jon99Cii,0.45527935,0.1293266644534947,0.0049751243781094,midgut,flysta3d_drosophila,
Jon25Bii,0.44626898,0.1147854106820131,0.0199004975124378,midgut,flysta3d_drosophila,
CG18180,0.38569272,0.0851720805744545,0.0049751243781094,midgut,flysta3d_drosophila,
Lcp65Ag3,-0.24220085,0.046185040594404,0.0049751243781094,midgut,flysta3d_drosophila,
CG8997,-0.24706858,0.0749963351118257,0.0149253731343283,midgut,flysta3d_drosophila,
CG31343,-0.28175542,0.0711232126529281,0.0049751243781094,midgut,flysta3d_drosophila,
Nplp2,-0.28486204,0.0275882234034448,0.0049751243781094,midgut,flysta3d_drosophila,
CG34282,-0.31708497,0.09352362148647,0.5970149253731343,midgut,flysta3d_drosophila,
LManVI,-0.34907803,0.0790379577457005,0.0049751243781094,midgut,flysta3d_drosophila,
epsilonTry,0.59301066,0.0407104710254874,0.9303482587064676,epidermis,flysta3d_drosophila,
pre-rRNA:CR45856,0.4274829,0.0449992555477607,0.1243781094527363,epidermis,flysta3d_drosophila,
betaTry,0.3194104,0.0240942490149754,0.9253731343283582,epidermis,flysta3d_drosophila,
Lcp65Ac,0.30283955,0.0961530817769909,0.0099502487562189,epidermis,flysta3d_drosophila,
TwdlO,0.25410533,0.0613020911911734,0.965174129353234,epidermis,flysta3d_drosophila,
CG13230,0.25217652,0.0275682498526887,0.4278606965174129,epidermis,flysta3d_drosophila,
Lcp65Ag3,-0.32959056,0.0769035764481668,0.0049751243781094,epidermis,flysta3d_drosophila,
CG30457,-0.3483262,0.0536462200627252,0.1641791044776119,epidermis,flysta3d_drosophila,
CG14300,-0.3536303,0.0170127957129077,0.0149253731343283,epidermis,flysta3d_drosophila,
CG42305,-0.37226057,0.0542178883697971,0.0099502487562189,epidermis,flysta3d_drosophila,
Lcp65Ag1,-0.4169557,0.0642603166612977,0.0049751243781094,epidermis,flysta3d_drosophila,
CG34282,-0.6563934,0.021304732079134,0.0348258706467661,epidermis,flysta3d_drosophila,
pre-rRNA:CR45856,0.5422446,0.0787503667073141,0.0049751243781094,carcass,flysta3d_drosophila,
epsilonTry,0.42005897,0.0759347779939606,0.0895522388059701,carcass,flysta3d_drosophila,
betaTry,0.29642272,0.0409042929491929,0.0049751243781094,carcass,flysta3d_drosophila,
Jon25Bii,0.19528604,0.069177773186471,0.0597014925373134,carcass,flysta3d_drosophila,
18SrRNA-Psi:CR41602,0.15194869,0.0342037898266079,0.0099502487562189,carcass,flysta3d_drosophila,
Obp28a,0.14059743,0.010904529341375,0.5373134328358209,carcass,flysta3d_drosophila,
RpS3,-0.21234119,0.0421712088648385,0.0199004975124378,carcass,flysta3d_drosophila,
Lcp65Ag1,-0.22472256,0.0408971739379163,0.0049751243781094,carcass,flysta3d_drosophila,
RpS27,-0.24517447,0.0341101956116082,0.0348258706467661,carcass,flysta3d_drosophila,
CG13545,-0.2845292,0.0899147029414521,0.044776119402985,carcass,flysta3d_drosophila,
Nplp2,-0.29607338,0.0658045958892416,0.2238805970149253,carcass,flysta3d_drosophila,
CG34282,-0.38631022,0.0574270160454276,0.9402985074626866,carcass,flysta3d_drosophila,
Sgs7,2.2999184,0.0534518703424934,0.3432835820895522,fat body,flysta3d_drosophila,
Sgs8,1.9703752,0.0506978325591085,0.3134328358208955,fat body,flysta3d_drosophila,
Sgs5,1.7437282,0.0525849133986056,0.3482587064676617,fat body,flysta3d_drosophila,
Sgs3,1.5002092,0.0491192216778342,0.3681592039800995,fat body,flysta3d_drosophila,
CG7606,1.4581134,0.0319788759402208,0.373134328358209,fat body,flysta3d_drosophila,
CG12310,1.0293769,0.0554669841789805,0.8258706467661692,fat body,flysta3d_drosophila,
deltaTry,-0.5947057,0.0872440927669098,0.0149253731343283,fat body,flysta3d_drosophila,
betaTub85D,-0.62263775,0.0270955009531308,0.1293532338308457,fat body,flysta3d_drosophila,
CG34168,-0.6321349,0.0287322463770129,0.3582089552238806,fat body,flysta3d_drosophila,
CG9682,-0.6522999,0.0612896372991232,0.0099502487562189,fat body,flysta3d_drosophila,
CG14302,-0.70848143,0.0791756981472165,0.0099502487562189,fat body,flysta3d_drosophila,
Jon65Aiv,-0.7135782,0.0775464131470733,0.0199004975124378,fat body,flysta3d_drosophila,
CG13071,0.5139538,0.0453948236321575,0.0099502487562189,CNS primordium,flysta3d_v2_drosophila,PUPA-72h_cellbin
CG42540,0.3148468,0.0189344595291529,0.9601990049751244,CNS primordium,flysta3d_v2_drosophila,PUPA-72h_cellbin
VGlut,0.2948124,0.0322724924628346,0.0199004975124378,CNS primordium,flysta3d_v2_drosophila,PUPA-72h_cellbin
CG8369,0.29378444,0.0243198575317536,0.3980099502487562,CNS primordium,flysta3d_v2_drosophila,PUPA-72h_cellbin
RpL15,0.23693156,0.0254473423629233,0.044776119402985,CNS primordium,flysta3d_v2_drosophila,PUPA-72h_cellbin
Obp44a,0.2195592,0.0693968195077491,0.2338308457711442,CNS primordium,flysta3d_v2_drosophila,PUPA-72h_cellbin
lncRNA:CR40469,-0.28316236,0.0634996400684468,0.7810945273631841,CNS primordium,flysta3d_v2_drosophila,PUPA-72h_cellbin
CG7214,-0.30710793,0.0453897611411025,0.7064676616915423,CNS primordium,flysta3d_v2_drosophila,PUPA-72h_cellbin
18SrRNA-Psi:CR41602,-0.32841754,0.0346973802425524,0.900497512437811,CNS primordium,flysta3d_v2_drosophila,PUPA-72h_cellbin
lncRNA:CR34335,-0.3410313,0.0657390802966547,0.7512437810945274,CNS primordium,flysta3d_v2_drosophila,PUPA-72h_cellbin
pre-rRNA:CR45856,-0.55784106,0.0564161816595078,0.6517412935323383,CNS primordium,flysta3d_v2_drosophila,PUPA-72h_cellbin
lncRNA:noe,-0.7014444,0.0631855167559087,0.1592039800995024,CNS primordium,flysta3d_v2_drosophila,PUPA-72h_cellbin
CG9568,0.51917255,0.212393783849577,0.0199004975124378,midgut primordium,flysta3d_v2_drosophila,PUPA-72h_cellbin
eEF1alpha1,0.41686952,0.0571270819192534,0.0049751243781094,midgut primordium,flysta3d_v2_drosophila,PUPA-72h_cellbin
lncRNA:CR40469,0.35995603,0.1185677422421441,0.0945273631840796,midgut primordium,flysta3d_v2_drosophila,PUPA-72h_cellbin
RpLP2,0.35935974,0.1023862598118775,0.0149253731343283,midgut primordium,flysta3d_v2_drosophila,PUPA-72h_cellbin
RpL36,0.3371994,0.0675962780403048,0.0099502487562189,midgut primordium,flysta3d_v2_drosophila,PUPA-72h_cellbin
lncRNA:CR34335,0.33650696,0.1226889524494701,0.0845771144278607,midgut primordium,flysta3d_v2_drosophila,PUPA-72h_cellbin
CG44013,-0.4622208,0.1354501595637875,0.0049751243781094,midgut primordium,flysta3d_v2_drosophila,PUPA-72h_cellbin
Ag5r2,-0.51032495,0.1278098440629425,0.0049751243781094,midgut primordium,flysta3d_v2_drosophila,PUPA-72h_cellbin
CG43218,-0.8734791,0.2581009183374779,0.0049751243781094,midgut primordium,flysta3d_v2_drosophila,PUPA-72h_cellbin
CG18180,-1.259403,0.2928295367566649,0.0049751243781094,midgut primordium,flysta3d_v2_drosophila,PUPA-72h_cellbin
CG42397,-1.2841693,0.2612339899966049,0.0049751243781094,midgut primordium,flysta3d_v2_drosophila,PUPA-72h_cellbin
Drsl2,-1.3446101,0.3200814151790555,0.0049751243781094,midgut primordium,flysta3d_v2_drosophila,PUPA-72h_cellbin
Acp65Aa,0.72832894,0.1427482799023602,0.0049751243781094,epidermis,flysta3d_v2_drosophila,PUPA-72h_cellbin
lncRNA:CR40469,0.7055471,0.0704798759963492,0.0049751243781094,epidermis,flysta3d_v2_drosophila,PUPA-72h_cellbin
lncRNA:CR34335,0.6960285,0.0744777136926738,0.0049751243781094,epidermis,flysta3d_v2_drosophila,PUPA-72h_cellbin
Cpr49Ah,0.68707275,0.1103347234320704,0.0049751243781094,epidermis,flysta3d_v2_drosophila,PUPA-72h_cellbin
CG13231,0.6696242,0.1512797075158177,0.1044776119402985,epidermis,flysta3d_v2_drosophila,PUPA-72h_cellbin
Cpr30B,0.6672399,0.1797637749233297,0.2537313432835821,epidermis,flysta3d_v2_drosophila,PUPA-72h_cellbin
Act88F,-0.062606215,0.0269990992889892,0.1343283582089552,epidermis,flysta3d_v2_drosophila,PUPA-72h_cellbin
28SrRNA-Psi:CR45859,-0.07773578,0.0339348731085367,0.9850746268656716,epidermis,flysta3d_v2_drosophila,PUPA-72h_cellbin
mt:ND5,-0.098757535,0.0198184487705905,0.2786069651741293,epidermis,flysta3d_v2_drosophila,PUPA-72h_cellbin
mt:ND6,-0.113782644,0.0186405508355353,0.845771144278607,epidermis,flysta3d_v2_drosophila,PUPA-72h_cellbin
CG17777,-0.11667827,0.0367613747832002,0.0149253731343283,epidermis,flysta3d_v2_drosophila,PUPA-72h_cellbin
mt:lrRNA,-0.33741093,0.0408217539118081,0.9850746268656716,epidermis,flysta3d_v2_drosophila,PUPA-72h_cellbin
RpLP2,0.6378021,0.0790213286513334,0.0049751243781094,somatic muscle,flysta3d_v2_drosophila,PUPA-72h_cellbin
RpL39,0.58926105,0.0861235814803248,0.0049751243781094,somatic muscle,flysta3d_v2_drosophila,PUPA-72h_cellbin
RpL41,0.5806544,0.090809738213083,0.0049751243781094,somatic muscle,flysta3d_v2_drosophila,PUPA-72h_cellbin
TpnC73F,0.5510335,0.1302017977521886,0.0049751243781094,somatic muscle,flysta3d_v2_drosophila,PUPA-72h_cellbin
Act57B,0.5297291,0.1253427575524167,0.0049751243781094,somatic muscle,flysta3d_v2_drosophila,PUPA-72h_cellbin
mt:CoI,0.50097585,0.0761200679727178,0.0199004975124378,somatic muscle,flysta3d_v2_drosophila,PUPA-72h_cellbin
pre-rRNA:CR45856,-0.12202835,0.0945163399266932,0.572139303482587,somatic muscle,flysta3d_v2_drosophila,PUPA-72h_cellbin
CG8736,-0.12616187,0.0500973180447349,0.0398009950248756,somatic muscle,flysta3d_v2_drosophila,PUPA-72h_cellbin
CG18367,-0.16476679,0.069425484563323,0.0199004975124378,somatic muscle,flysta3d_v2_drosophila,PUPA-72h_cellbin
mt:ND6,-0.16707253,0.0409112658145837,0.1990049751243781,somatic muscle,flysta3d_v2_drosophila,PUPA-72h_cellbin
Cpr64Aa,-0.16906565,0.0619957446570884,0.0298507462686567,somatic muscle,flysta3d_v2_drosophila,PUPA-72h_cellbin
Act87E,-0.46681595,0.152981026435389,0.0099502487562189,somatic muscle,flysta3d_v2_drosophila,PUPA-72h_cellbin
Fabp7,0.06449588,0.0477914349366733,0.5124378109452736,Cavity,mosta_mouse_embryo,
Afp,0.042384207,0.0449677070400718,0.4427860696517413,Cavity,mosta_mouse_embryo,
Ptma,0.040265918,0.0306378281805096,0.2338308457711442,Cavity,mosta_mouse_embryo,
Alb,0.039840102,0.0445031455595617,0.6368159203980099,Cavity,mosta_mouse_embryo,
Col2a1,0.038867965,0.0151809907261507,0.0348258706467661,Cavity,mosta_mouse_embryo,
Rpl39,0.038784266,0.0245416113628565,0.2338308457711442,Cavity,mosta_mouse_embryo,
H19,-0.17303681,0.0281704657740141,0.0547263681592039,Cavity,mosta_mouse_embryo,
Hbb-bt,-0.19030476,0.0596575952082068,0.4527363184079602,Cavity,mosta_mouse_embryo,
Hbb-bs,-0.19128275,0.0641949990375274,0.3930348258706467,Cavity,mosta_mouse_embryo,
Trim30a,-0.19203115,0.0202316892932249,0.4626865671641791,Cavity,mosta_mouse_embryo,
Hba-a2,-0.22340894,0.0677305032106156,0.1840796019900497,Cavity,mosta_mouse_embryo,
Hba-a1,-0.23275542,0.0697012436457174,0.1890547263681592,Cavity,mosta_mouse_embryo,
Col3a1,0.23694897,0.0353666152909814,0.0348258706467661,Connective tissue,mosta_mouse_embryo,
Col1a2,0.22481203,0.0281923725275302,0.0099502487562189,Connective tissue,mosta_mouse_embryo,
Postn,0.22101933,0.0236362884318512,0.0049751243781094,Connective tissue,mosta_mouse_embryo,
Tpt1,0.21514618,0.0226498301387289,0.0099502487562189,Connective tissue,mosta_mouse_embryo,
Tlcd1,0.20659316,0.0174780895678531,0.0845771144278607,Connective tissue,mosta_mouse_embryo,
Mest,0.20633268,0.0295956096662952,0.0348258706467661,Connective tissue,mosta_mouse_embryo,
Fgfr2,-0.13070095,0.0111749235547652,0.1393034825870646,Connective tissue,mosta_mouse_embryo,
Hdac9,-0.14207602,0.0039094908770655,0.0149253731343283,Connective tissue,mosta_mouse_embryo,
Trim30a,-0.1583674,0.008829506921176,0.0049751243781094,Connective tissue,mosta_mouse_embryo,
Nkain2,-0.1727947,0.0060348108769989,0.0099502487562189,Connective tissue,mosta_mouse_embryo,
Afm,-0.18037492,0.0053488657233268,0.0049751243781094,Connective tissue,mosta_mouse_embryo,
Prkch,-0.21174085,0.0052419109262809,0.0049751243781094,Connective tissue,mosta_mouse_embryo,
mt-Nd1,0.1827929,0.0104411989024355,0.7064676616915423,Muscle,mosta_mouse_embryo,
mt-Nd6,0.18088657,0.0068063285883985,0.7263681592039801,Muscle,mosta_mouse_embryo,
mt-Cytb,0.15695786,0.0105296365785503,0.9402985074626866,Muscle,mosta_mouse_embryo,
mt-Nd2,0.14643961,0.0073440324706619,0.8557213930348259,Muscle,mosta_mouse_embryo,
mt-Nd4,0.13650227,0.0090945437318773,0.9253731343283582,Muscle,mosta_mouse_embryo,
Ptma,0.12210786,0.0130616275312075,0.0646766169154228,Muscle,mosta_mouse_embryo,
Hbb-bs,-0.24056554,0.0241202153159101,0.0049751243781094,Muscle,mosta_mouse_embryo,
Hbb-bt,-0.24364734,0.0254351870998123,0.0049751243781094,Muscle,mosta_mouse_embryo,
Trim30a,-0.24976516,0.0070838038142299,0.0049751243781094,Muscle,mosta_mouse_embryo,
Tlk1,-0.26010013,0.0047927169275803,0.0049751243781094,Muscle,mosta_mouse_embryo,
Hdac9,-0.26553798,0.0037968096115922,0.0746268656716417,Muscle,mosta_mouse_embryo,
Prkch,-0.37562978,0.0049201226524646,0.0199004975124378,Muscle,mosta_mouse_embryo,
Stmn1,0.5803102,0.0130379089632591,0.746268656716418,Brain,mosta_mouse_embryo,
Tmsb10,0.5574846,0.0282602698140474,0.9950248756218906,Brain,mosta_mouse_embryo,
Ptma,0.5172186,0.0216734528775328,0.0149253731343283,Brain,mosta_mouse_embryo,
mt-Nd2,0.4927954,0.0172793824321727,0.9900497512437813,Brain,mosta_mouse_embryo,
Tlcd1,0.48911643,0.0090502586697124,0.0248756218905472,Brain,mosta_mouse_embryo,
mt-Nd1,0.48164952,0.0179435422097884,0.9850746268656716,Brain,mosta_mouse_embryo,
Hbb-bt,-0.13265967,0.0108442655630589,0.0149253731343283,Brain,mosta_mouse_embryo,
Afm,-0.13622588,0.0031413356525749,0.6169154228855721,Brain,mosta_mouse_embryo,
Nkain2,-0.19091564,0.0033586810256967,0.6517412935323383,Brain,mosta_mouse_embryo,
Camk1d,-0.224293,0.0174125060811506,0.4925373134328358,Brain,mosta_mouse_embryo,
Hdac9,-0.29681373,0.0024417989573624,0.0746268656716417,Brain,mosta_mouse_embryo,
Prkch,-0.44159,0.0032867990632,0.1890547263681592,Brain,mosta_mouse_embryo,
PTHLH,0.21126086,0.0223635544260413,0.0049751243781094,tumor|nontumor,openst_lymphnode_3d,
FTH1,0.13925421,0.0125917795076551,0.0049751243781094,tumor|nontumor,openst_lymphnode_3d,
SLC2A1,0.13762024,0.0118983440908455,0.0049751243781094,tumor|nontumor,openst_lymphnode_3d,
KRT17,0.1267215,0.0110508866925245,0.0049751243781094,tumor|nontumor,openst_lymphnode_3d,
AMTN,0.11444235,0.0207880941757659,0.0049751243781094,tumor|nontumor,openst_lymphnode_3d,
EGLN3,0.09615427,0.0064191064932714,0.0049751243781094,tumor|nontumor,openst_lymphnode_3d,
RPS27A,-0.06479633,0.0050838735906949,0.0049751243781094,tumor|nontumor,openst_lymphnode_3d,
MT-ND3,-0.079108,0.0073372329116048,0.0049751243781094,tumor|nontumor,openst_lymphnode_3d,
IGHG3,-0.08431721,0.0209054663169436,0.0049751243781094,tumor|nontumor,openst_lymphnode_3d,
RPS29,-0.11426735,0.0082172940952373,0.0049751243781094,tumor|nontumor,openst_lymphnode_3d,
DHCR7,-0.12283142,0.0069371211950749,0.0049751243781094,tumor|nontumor,openst_lymphnode_3d,
IGKC,-0.21526241,0.0226109646713498,0.0049751243781094,tumor|nontumor,openst_lymphnode_3d,
SMESG000017804.1,0.7526512,1.1056761325972562,0.5572139303482587,l3,prista4d_planarian,
SMESG000027140.1,0.40368748,0.717822721516672,0.6666666666666666,l3,prista4d_planarian,
SMESG000003087.1,0.36614037,0.7242921162679559,0.7313432835820896,l3,prista4d_planarian,
SMESG000049723.1,0.26610327,0.83209700428779,0.8706467661691543,l3,prista4d_planarian,
SMESG000017801.1,0.23901701,0.3431757441287434,0.5472636815920398,l3,prista4d_planarian,
SMESG000002883.1,0.15082484,0.2521531113414495,0.6567164179104478,l3,prista4d_planarian,
SMESG000002628.1,-2.1917982,0.6919286065388477,0.0049751243781094,l3,prista4d_planarian,
SMESG000007315.1,-2.2667663,1.0245652841618156,0.0049751243781094,l3,prista4d_planarian,
SMESG000055421.1,-2.8215175,0.9841761403912184,0.0049751243781094,l3,prista4d_planarian,
SMESG000019619.1,-3.4396286,1.556851403841668,0.0049751243781094,l3,prista4d_planarian,
SMESG000040632.1,-3.692149,1.395521733819033,0.0049751243781094,l3,prista4d_planarian,
SMESG000051672.1,-5.287633,3.444121387588134,0.1691542288557214,l3,prista4d_planarian,
SMESG000066595.1,-0.023551926,0.0526359214257323,0.7761194029850746,l5,prista4d_planarian,
SMESG000035325.1,-0.029864661,0.0567982429374252,0.7512437810945274,l5,prista4d_planarian,
SMESG000067668.1,-0.035947114,0.1077230200507969,0.8059701492537313,l5,prista4d_planarian,
SMESG000016305.1,-0.036679775,0.0688381490366169,0.736318407960199,l5,prista4d_planarian,
SMESG000035332.1,-0.03978779,0.0573489720344717,0.5970149253731343,l5,prista4d_planarian,
SMESG000047827.1,-0.040368356,0.0780549285231129,0.7014925373134329,l5,prista4d_planarian,
SMESG000016791.1,-4.6122675,2.143813180622553,0.0049751243781094,l5,prista4d_planarian,
SMESG000055421.1,-4.871042,2.254083005133649,0.0049751243781094,l5,prista4d_planarian,
SMESG000062943.1,-5.09922,2.7989914517176566,0.1044776119402985,l5,prista4d_planarian,
SMESG000058307.1,-5.1821165,1.7110298351191306,0.0049751243781094,l5,prista4d_planarian,
SMESG000019619.1,-5.3451786,3.1240673237639154,0.1044776119402985,l5,prista4d_planarian,
SMESG000051672.1,-6.219725,3.8200329934567847,0.1492537313432835,l5,prista4d_planarian,
SMESG000056439.1,-0.07360945,0.0113148197245672,0.0049751243781094,l4,prista4d_planarian,
SMESG000072794.1,-0.07841514,0.011913341764734,0.0049751243781094,l4,prista4d_planarian,
SMESG000016663.1,-0.07851158,0.0061349459926533,0.0049751243781094,l4,prista4d_planarian,
SMESG000028263.1,-0.08200219,0.0070849447538762,0.0049751243781094,l4,prista4d_planarian,
SMESG000065409.1,-0.08231844,0.0069620209826592,0.0049751243781094,l4,prista4d_planarian,
SMESG000001159.1,-0.08778585,0.0120043191882141,0.0049751243781094,l4,prista4d_planarian,
SMESG000025889.1,-5.569088,0.4166238084482648,0.0049751243781094,l4,prista4d_planarian,
SMESG000055421.1,-6.803689,0.3609995455361477,0.0049751243781094,l4,prista4d_planarian,
SMESG000040632.1,-6.9181314,0.4086085533756027,0.0049751243781094,l4,prista4d_planarian,
SMESG000067658.1,-7.324687,1.09838498322613,0.0049751243781094,l4,prista4d_planarian,
SMESG000019619.1,-10.269342,0.7048606482871759,0.0049751243781094,l4,prista4d_planarian,
SMESG000051672.1,-22.07401,1.4634380899495392,0.0049751243781094,l4,prista4d_planarian,
SMESG000074187.1,1.4358854,0.853393815730268,0.0049751243781094,not_anno,prista4d_planarian,
SMESG000051672.1,1.1050682,5.078885593533884,0.9203980099502488,not_anno,prista4d_planarian,
SMESG000042349.1,0.9938443,0.8812389665298197,0.3134328358208955,not_anno,prista4d_planarian,
SMESG000049723.1,0.95000005,1.69840802399335,0.6865671641791045,not_anno,prista4d_planarian,
SMESG000017804.1,0.8124993,1.559827353195632,0.7064676616915423,not_anno,prista4d_planarian,
SMESG000031788.1,0.73527515,0.9414584639081088,0.6318407960199005,not_anno,prista4d_planarian,
SMESG000067658.1,-0.67246795,1.3641623719627496,0.7711442786069652,not_anno,prista4d_planarian,
SMESG000043289.1,-0.72432816,0.6040335221323846,0.373134328358209,not_anno,prista4d_planarian,
SMESG000055421.1,-0.7318568,0.872951941585966,0.5621890547263682,not_anno,prista4d_planarian,
SMESG000002628.1,-0.77287865,0.7863988118610823,0.4875621890547263,not_anno,prista4d_planarian,
SMESG000066027.1,-0.79595995,1.2445128841888278,0.6716417910447762,not_anno,prista4d_planarian,
SMESG000007315.1,-1.0973978,1.8079572926315,0.6766169154228856,not_anno,prista4d_planarian,
Gm42418,0.72053623,0.1663101552619743,0.0099502487562189,1-muscle,whole_mouse_embryo_3d_cngb,
Rpl35,0.5786884,0.0188690731134742,0.7562189054726368,1-muscle,whole_mouse_embryo_3d_cngb,
Lars2,0.5200763,0.1029025295775358,0.0199004975124378,1-muscle,whole_mouse_embryo_3d_cngb,
Gm10076,0.42830923,0.0143998631112435,0.7164179104477612,1-muscle,whole_mouse_embryo_3d_cngb,
Hmgn2,0.3906294,0.0300240947769916,0.3582089552238806,1-muscle,whole_mouse_embryo_3d_cngb,
Eno1,0.34905368,0.0182898866443946,0.8208955223880597,1-muscle,whole_mouse_embryo_3d_cngb,
Rpl36a-ps1,-0.2981005,0.0191433616802037,0.1194029850746268,1-muscle,whole_mouse_embryo_3d_cngb,
Igfbp5,-0.32605934,0.0544403041893915,0.0049751243781094,1-muscle,whole_mouse_embryo_3d_cngb,
Ftl1-ps1,-0.33595788,0.017196703541807,0.6965174129353234,1-muscle,whole_mouse_embryo_3d_cngb,
Igf2,-0.52761114,0.0264233830241598,0.582089552238806,1-muscle,whole_mouse_embryo_3d_cngb,
Rps27rt,-0.54189825,0.0270535228924609,0.3432835820895522,1-muscle,whole_mouse_embryo_3d_cngb,
Wdr89,-0.6205119,0.0308903084916638,0.2786069651741293,1-muscle,whole_mouse_embryo_3d_cngb,
Cxcl14,0.44584376,0.0950978356546954,0.0049751243781094,2-craniofacial primordium,whole_mouse_embryo_3d_cngb,
Twist2,0.23246515,0.0504599765601291,0.0049751243781094,2-craniofacial primordium,whole_mouse_embryo_3d_cngb,
Dcn,0.22326344,0.0622324947961035,0.0049751243781094,2-craniofacial primordium,whole_mouse_embryo_3d_cngb,
Vgll3,0.22251919,0.0330479630133774,0.0049751243781094,2-craniofacial primordium,whole_mouse_embryo_3d_cngb,
Pax1,0.20261614,0.0265545035039868,0.0049751243781094,2-craniofacial primordium,whole_mouse_embryo_3d_cngb,
Lef1,0.18562326,0.0350651979286382,0.0049751243781094,2-craniofacial primordium,whole_mouse_embryo_3d_cngb,
Foxf2,-0.23803237,0.0478932211967194,0.0049751243781094,2-craniofacial primordium,whole_mouse_embryo_3d_cngb,
Hbb-bs,-0.23875022,0.0540050724287221,0.0049751243781094,2-craniofacial primordium,whole_mouse_embryo_3d_cngb,
Ibsp,-0.26018023,0.1084192343079153,0.5174129353233831,2-craniofacial primordium,whole_mouse_embryo_3d_cngb,
Peg3,-0.27061403,0.0519776998756725,0.0049751243781094,2-craniofacial primordium,whole_mouse_embryo_3d_cngb,
Capn6,-0.30944037,0.0742887065486751,0.0049751243781094,2-craniofacial primordium,whole_mouse_embryo_3d_cngb,
Msx1,-0.34266198,0.0614260443012046,0.0049751243781094,2-craniofacial primordium,whole_mouse_embryo_3d_cngb,
Sfrp2,0.52075994,0.0785749076670303,0.7512437810945274,3-endochondral bone,whole_mouse_embryo_3d_cngb,
Rpl35,0.44296896,0.0282907285124047,0.6368159203980099,3-endochondral bone,whole_mouse_embryo_3d_cngb,
Gm42418,0.36942482,0.2010873367343069,0.1144278606965174,3-endochondral bone,whole_mouse_embryo_3d_cngb,
Smoc2,0.35422593,0.049646919221244,0.0099502487562189,3-endochondral bone,whole_mouse_embryo_3d_cngb,
Lars2,0.33237064,0.1525352922938569,0.0398009950248756,3-endochondral bone,whole_mouse_embryo_3d_cngb,
Uba52,0.32073557,0.0250517193510049,0.746268656716418,3-endochondral bone,whole_mouse_embryo_3d_cngb,
Ftl1-ps1,-0.23421332,0.0192501234627101,0.099502487562189,3-endochondral bone,whole_mouse_embryo_3d_cngb,
Hbb-bt,-0.25145364,0.091211459074755,0.2139303482587064,3-endochondral bone,whole_mouse_embryo_3d_cngb,
Mest,-0.26049376,0.0481747680032259,0.0348258706467661,3-endochondral bone,whole_mouse_embryo_3d_cngb,
Hbb-y,-0.28648162,0.0920198623205298,0.1144278606965174,3-endochondral bone,whole_mouse_embryo_3d_cngb,
Ibsp,-0.35188156,0.020038091475246,0.0049751243781094,3-endochondral bone,whole_mouse_embryo_3d_cngb,
Postn,-0.38071692,0.0895838235652338,0.0049751243781094,3-endochondral bone,whole_mouse_embryo_3d_cngb,
Mylpf,0.46586615,0.2102607382164805,0.1243781094527363,4-primordium of chondrocranium,whole_mouse_embryo_3d_cngb,
Actc1,0.42482552,0.1943135762252159,0.2686567164179104,4-primordium of chondrocranium,whole_mouse_embryo_3d_cngb,
Dlk1,0.4006145,0.107967278159994,0.0049751243781094,4-primordium of chondrocranium,whole_mouse_embryo_3d_cngb,
Acta1,0.363325,0.1651210398060294,0.0746268656716417,4-primordium of chondrocranium,whole_mouse_embryo_3d_cngb,
Myh3,0.3317812,0.136273255922745,0.0547263681592039,4-primordium of chondrocranium,whole_mouse_embryo_3d_cngb,
Myl4,0.32818824,0.1443099605129027,0.0348258706467661,4-primordium of chondrocranium,whole_mouse_embryo_3d_cngb,
Hba-a1,-0.44232726,0.1740998883364144,0.0298507462686567,4-primordium of chondrocranium,whole_mouse_embryo_3d_cngb,
Hba-x,-0.48199415,0.1864811203872097,0.044776119402985,4-primordium of chondrocranium,whole_mouse_embryo_3d_cngb,
Hbb-bs,-0.48363805,0.164084517424465,0.0398009950248756,4-primordium of chondrocranium,whole_mouse_embryo_3d_cngb,
Ttr,-0.4986023,0.1031178333701235,0.9800995024875622,4-primordium of chondrocranium,whole_mouse_embryo_3d_cngb,
Hbb-bt,-0.5043566,0.1731960809601319,0.0298507462686567,4-primordium of chondrocranium,whole_mouse_embryo_3d_cngb,
Hbb-y,-0.5373013,0.205577164158992,0.0248756218905472,4-primordium of chondrocranium,whole_mouse_embryo_3d_cngb,
fabp1b.1,0.38958025,0.080817578670028,0.7263681592039801,Yolk Syncytial Layer,zesta_zebrafish,
gpx4a,0.37604558,0.1139451251772658,0.835820895522388,Yolk Syncytial Layer,zesta_zebrafish,
AL935186.10,0.35937524,0.0339774362066882,0.6368159203980099,Yolk Syncytial Layer,zesta_zebrafish,
rps17,0.35153675,0.0362194805356024,0.0547263681592039,Yolk Syncytial Layer,zesta_zebrafish,
glula,0.35026932,0.0823495586924271,0.900497512437811,Yolk Syncytial Layer,zesta_zebrafish,
anxa1a,0.3274957,0.0593866755544624,0.6169154228855721,Yolk Syncytial Layer,zesta_zebrafish,
tuba8l4,-0.24105513,0.0490066597304004,0.7711442786069652,Yolk Syncytial Layer,zesta_zebrafish,
khdrbs1a,-0.26807046,0.0494050812350766,0.6318407960199005,Yolk Syncytial Layer,zesta_zebrafish,
si:ch211-222l21.1,-0.27947688,0.0797939842587227,0.9552238805970148,Yolk Syncytial Layer,zesta_zebrafish,
snu13b,-0.29371595,0.0538609292965831,0.9850746268656716,Yolk Syncytial Layer,zesta_zebrafish,
galnt7,-0.30614042,0.0599790776140884,0.9800995024875622,Yolk Syncytial Layer,zesta_zebrafish,
serbp1a,-0.42856538,0.0496289498134008,0.9402985074626866,Yolk Syncytial Layer,zesta_zebrafish,
AL935186.10,0.7759887,0.0333881507177678,0.527363184079602,"Segmental Plate, Tail Bud",zesta_zebrafish,
msgn1,0.45360672,0.050387733106702,0.8805970149253731,"Segmental Plate, Tail Bud",zesta_zebrafish,
NC-002333.4,0.38014603,0.023356129136926,0.5771144278606966,"Segmental Plate, Tail Bud",zesta_zebrafish,
hnrnpa0b,0.321069,0.0262509720372401,0.0845771144278607,"Segmental Plate, Tail Bud",zesta_zebrafish,
ctsll,0.29747725,0.026735933573124,0.099502487562189,"Segmental Plate, Tail Bud",zesta_zebrafish,
anp32e,0.2735821,0.026575645905087,0.5422885572139303,"Segmental Plate, Tail Bud",zesta_zebrafish,
rps9,-0.2564118,0.032437477637593,0.3333333333333333,"Segmental Plate, Tail Bud",zesta_zebrafish,
dynll1,-0.26196855,0.0218556584285503,0.5970149253731343,"Segmental Plate, Tail Bud",zesta_zebrafish,
hmgb2b,-0.27277946,0.0283377137086959,0.3333333333333333,"Segmental Plate, Tail Bud",zesta_zebrafish,
rpl7a,-0.27699518,0.0268256365362861,0.099502487562189,"Segmental Plate, Tail Bud",zesta_zebrafish,
tuba8l4,-0.28302455,0.027506180722673,0.1890547263681592,"Segmental Plate, Tail Bud",zesta_zebrafish,
naca,-0.3173468,0.0320452166766246,0.6218905472636815,"Segmental Plate, Tail Bud",zesta_zebrafish,
cyt1,0.5938494,0.0714840754716956,0.0049751243781094,Notochord,zesta_zebrafish,
pcna,0.5752945,0.0630724689785914,0.0049751243781094,Notochord,zesta_zebrafish,
krt4,0.5737059,0.0690883285194779,0.0049751243781094,Notochord,zesta_zebrafish,
krt5,0.5021254,0.0754176969929507,0.0049751243781094,Notochord,zesta_zebrafish,
fabp3,0.50179386,0.045774242242838,0.0049751243781094,Notochord,zesta_zebrafish,
h2az2b,0.484061,0.0394620145631664,0.0049751243781094,Notochord,zesta_zebrafish,
slc38a8b,-0.41394833,0.0511677343238508,0.0049751243781094,Notochord,zesta_zebrafish,
col2a1b,-0.42180884,0.0608442146566372,0.0049751243781094,Notochord,zesta_zebrafish,
serpinh1b,-0.42467248,0.0510167319688776,0.0049751243781094,Notochord,zesta_zebrafish,
hapln1a,-0.42554557,0.0657717705833475,0.0049751243781094,Notochord,zesta_zebrafish,
cmn,-0.46787077,0.0673336158520792,0.0049751243781094,Notochord,zesta_zebrafish,
col9a1b,-0.48717588,0.0660552942271612,0.0049751243781094,Notochord,zesta_zebrafish,
notch3,0.32201743,0.0371864424832986,0.0049751243781094,Nervous System,zesta_zebrafish,
lrrn1,0.2924503,0.04168851957014,0.0049751243781094,Nervous System,zesta_zebrafish,
si:ch73-21g5.7,0.25075102,0.0350251632238099,0.0049751243781094,Nervous System,zesta_zebrafish,
plp1a,0.19314694,0.0330909588805719,0.0049751243781094,Nervous System,zesta_zebrafish,
fzd7a,0.17784035,0.0270729495597543,0.0049751243781094,Nervous System,zesta_zebrafish,
nkx6.2,0.1650306,0.0191930620936732,0.0049751243781094,Nervous System,zesta_zebrafish,
eef2b,-0.1869309,0.017950741613066,0.099502487562189,Nervous System,zesta_zebrafish,
dlb,-0.20336485,0.0308179919146197,0.6467661691542289,Nervous System,zesta_zebrafish,
tubb5,-0.2044084,0.0360976249618404,0.7412935323383084,Nervous System,zesta_zebrafish,
CABZ01021592.1,-0.2528191,0.0185887613623189,0.0049751243781094,Nervous System,zesta_zebrafish,
gch2,-0.30873612,0.0218615598353746,0.0049751243781094,Nervous System,zesta_zebrafish,
FO704772.3,-0.313143,0.0109072339128068,0.6517412935323383,Nervous System,zesta_zebrafish,
